Lane,SampleID,Sample_Project,Index,# Reads,# Perfect Index Reads,# One Mismatch Index Reads,# Two Mismatch Index Reads,% Reads,% Perfect Index Reads,% One Mismatch Index Reads,% Two Mismatch Index Reads
1,TAAGGCGA-GCGATCTA,GC3F-PE-8242,TAAGGCGA-GCGATCTA,2378805,2300020,78785,0,0.0039,0.9669,0.0331,0.0000
1,CGTACTAG-GCGATCTA,GC3F-PE-8242,CGTACTAG-GCGATCTA,2630403,2437220,193183,0,0.0043,0.9266,0.0734,0.0000
1,AGGCAGAA-GCGATCTA,GC3F-PE-8242,AGGCAGAA-GCGATCTA,2593914,2497560,96354,0,0.0042,0.9629,0.0371,0.0000
1,TCCTGAGC-GCGATCTA,GC3F-PE-8242,TCCTGAGC-GCGATCTA,2607804,2439301,168503,0,0.0043,0.9354,0.0646,0.0000
1,GGACTCCT-GCGATCTA,GC3F-PE-8242,GGACTCCT-GCGATCTA,2743869,2618132,125737,0,0.0045,0.9542,0.0458,0.0000
1,TAGGCATG-GCGATCTA,GC3F-PE-8242,TAGGCATG-GCGATCTA,2229315,2121943,107372,0,0.0036,0.9518,0.0482,0.0000
1,CTCTCTAC-GCGATCTA,GC3F-PE-8242,CTCTCTAC-GCGATCTA,2485541,2384241,101300,0,0.0041,0.9592,0.0408,0.0000
1,CAGAGAGG-GCGATCTA,GC3F-PE-8242,CAGAGAGG-GCGATCTA,1918916,1822866,96050,0,0.0031,0.9499,0.0501,0.0000
1,GCTACGCT-GCGATCTA,GC3F-PE-8242,GCTACGCT-GCGATCTA,2672757,2595174,77583,0,0.0044,0.9710,0.0290,0.0000
1,CGAGGCTG-GCGATCTA,GC3F-PE-8242,CGAGGCTG-GCGATCTA,2175985,2099191,76794,0,0.0036,0.9647,0.0353,0.0000
1,AAGAGGCA-GCGATCTA,GC3F-PE-8242,AAGAGGCA-GCGATCTA,2794424,2693410,101014,0,0.0046,0.9639,0.0361,0.0000
1,GTAGAGGA-GCGATCTA,GC3F-PE-8242,GTAGAGGA-GCGATCTA,2406138,2263497,142641,0,0.0039,0.9407,0.0593,0.0000
1,TAAGGCGA-ATAGAGAG,GC3F-PE-8242,TAAGGCGA-ATAGAGAG,2407061,2223138,183923,0,0.0039,0.9236,0.0764,0.0000
1,CGTACTAG-ATAGAGAG,GC3F-PE-8242,CGTACTAG-ATAGAGAG,2465530,2230983,234547,0,0.0040,0.9049,0.0951,0.0000
1,AGGCAGAA-ATAGAGAG,GC3F-PE-8242,AGGCAGAA-ATAGAGAG,2719486,2457650,261836,0,0.0044,0.9037,0.0963,0.0000
1,TCCTGAGC-ATAGAGAG,GC3F-PE-8242,TCCTGAGC-ATAGAGAG,2721089,2513479,207610,0,0.0044,0.9237,0.0763,0.0000
1,GGACTCCT-ATAGAGAG,GC3F-PE-8242,GGACTCCT-ATAGAGAG,2753393,2521131,232262,0,0.0045,0.9156,0.0844,0.0000
1,TAGGCATG-ATAGAGAG,GC3F-PE-8242,TAGGCATG-ATAGAGAG,2517473,2280219,237254,0,0.0041,0.9058,0.0942,0.0000
1,CTCTCTAC-ATAGAGAG,GC3F-PE-8242,CTCTCTAC-ATAGAGAG,2846824,2614549,232275,0,0.0047,0.9184,0.0816,0.0000
1,CAGAGAGG-ATAGAGAG,GC3F-PE-8242,CAGAGAGG-ATAGAGAG,2587157,2368792,218365,0,0.0042,0.9156,0.0844,0.0000
1,GCTACGCT-ATAGAGAG,GC3F-PE-8242,GCTACGCT-ATAGAGAG,3198188,2979720,218468,0,0.0052,0.9317,0.0683,0.0000
1,CGAGGCTG-ATAGAGAG,GC3F-PE-8242,CGAGGCTG-ATAGAGAG,2269199,2115691,153508,0,0.0037,0.9324,0.0676,0.0000
1,AAGAGGCA-ATAGAGAG,GC3F-PE-8242,AAGAGGCA-ATAGAGAG,2702768,2437725,265043,0,0.0044,0.9019,0.0981,0.0000
1,GTAGAGGA-ATAGAGAG,GC3F-PE-8242,GTAGAGGA-ATAGAGAG,2708382,2500309,208073,0,0.0044,0.9232,0.0768,0.0000
1,TAAGGCGA-AGAGGATA,GC3F-PE-8242,TAAGGCGA-AGAGGATA,2508401,2388297,120104,0,0.0041,0.9521,0.0479,0.0000
1,CGTACTAG-AGAGGATA,GC3F-PE-8242,CGTACTAG-AGAGGATA,2296038,2135270,160768,0,0.0038,0.9300,0.0700,0.0000
1,AGGCAGAA-AGAGGATA,GC3F-PE-8242,AGGCAGAA-AGAGGATA,2423766,2287359,136407,0,0.0040,0.9437,0.0563,0.0000
1,TCCTGAGC-AGAGGATA,GC3F-PE-8242,TCCTGAGC-AGAGGATA,2725880,2589260,136620,0,0.0045,0.9499,0.0501,0.0000
1,GGACTCCT-AGAGGATA,GC3F-PE-8242,GGACTCCT-AGAGGATA,2763458,2606500,156958,0,0.0045,0.9432,0.0568,0.0000
1,TAGGCATG-AGAGGATA,GC3F-PE-8242,TAGGCATG-AGAGGATA,2513197,2359989,153208,0,0.0041,0.9390,0.0610,0.0000
1,CTCTCTAC-AGAGGATA,GC3F-PE-8242,CTCTCTAC-AGAGGATA,2502840,2370008,132832,0,0.0041,0.9469,0.0531,0.0000
1,CAGAGAGG-AGAGGATA,GC3F-PE-8242,CAGAGAGG-AGAGGATA,2480502,2326718,153784,0,0.0041,0.9380,0.0620,0.0000
1,GCTACGCT-AGAGGATA,GC3F-PE-8242,GCTACGCT-AGAGGATA,2852751,2730667,122084,0,0.0047,0.9572,0.0428,0.0000
1,CGAGGCTG-AGAGGATA,GC3F-PE-8242,CGAGGCTG-AGAGGATA,2399717,2285103,114614,0,0.0039,0.9522,0.0478,0.0000
1,AAGAGGCA-AGAGGATA,GC3F-PE-8242,AAGAGGCA-AGAGGATA,2568438,2429740,138698,0,0.0042,0.9460,0.0540,0.0000
1,GTAGAGGA-AGAGGATA,GC3F-PE-8242,GTAGAGGA-AGAGGATA,2852611,2713505,139106,0,0.0047,0.9512,0.0488,0.0000
1,TAAGGCGA-TCTACTCT,GC3F-PE-8242,TAAGGCGA-TCTACTCT,2875556,2781931,93625,0,0.0047,0.9674,0.0326,0.0000
1,CGTACTAG-TCTACTCT,GC3F-PE-8242,CGTACTAG-TCTACTCT,2899745,2737047,162698,0,0.0047,0.9439,0.0561,0.0000
1,AGGCAGAA-TCTACTCT,GC3F-PE-8242,AGGCAGAA-TCTACTCT,2893383,2785592,107791,0,0.0047,0.9627,0.0373,0.0000
1,TCCTGAGC-TCTACTCT,GC3F-PE-8242,TCCTGAGC-TCTACTCT,2758570,2666814,91756,0,0.0045,0.9667,0.0333,0.0000
1,GGACTCCT-TCTACTCT,GC3F-PE-8242,GGACTCCT-TCTACTCT,3279789,3155208,124581,0,0.0054,0.9620,0.0380,0.0000
1,TAGGCATG-TCTACTCT,GC3F-PE-8242,TAGGCATG-TCTACTCT,2953889,2830968,122921,0,0.0048,0.9584,0.0416,0.0000
1,CTCTCTAC-TCTACTCT,GC3F-PE-8242,CTCTCTAC-TCTACTCT,3141792,3026815,114977,0,0.0051,0.9634,0.0366,0.0000
1,CAGAGAGG-TCTACTCT,GC3F-PE-8242,CAGAGAGG-TCTACTCT,2827824,2676532,151292,0,0.0046,0.9465,0.0535,0.0000
1,GCTACGCT-TCTACTCT,GC3F-PE-8242,GCTACGCT-TCTACTCT,3375853,3269588,106265,0,0.0055,0.9685,0.0315,0.0000
1,CGAGGCTG-TCTACTCT,GC3F-PE-8242,CGAGGCTG-TCTACTCT,2864457,2766076,98381,0,0.0047,0.9657,0.0343,0.0000
1,AAGAGGCA-TCTACTCT,GC3F-PE-8242,AAGAGGCA-TCTACTCT,3046246,2929923,116323,0,0.0050,0.9618,0.0382,0.0000
1,GTAGAGGA-TCTACTCT,GC3F-PE-8242,GTAGAGGA-TCTACTCT,3317791,3195040,122751,0,0.0054,0.9630,0.0370,0.0000
1,TAAGGCGA-CTCCTTAC,GC3F-PE-8242,TAAGGCGA-CTCCTTAC,2677255,2611084,66171,0,0.0044,0.9753,0.0247,0.0000
1,CGTACTAG-CTCCTTAC,GC3F-PE-8242,CGTACTAG-CTCCTTAC,2489232,2362065,127167,0,0.0041,0.9489,0.0511,0.0000
1,AGGCAGAA-CTCCTTAC,GC3F-PE-8242,AGGCAGAA-CTCCTTAC,2821264,2743049,78215,0,0.0046,0.9723,0.0277,0.0000
1,TCCTGAGC-CTCCTTAC,GC3F-PE-8242,TCCTGAGC-CTCCTTAC,2747685,2668808,78877,0,0.0045,0.9713,0.0287,0.0000
1,GGACTCCT-CTCCTTAC,GC3F-PE-8242,GGACTCCT-CTCCTTAC,3311718,3207168,104550,0,0.0054,0.9684,0.0316,0.0000
1,TAGGCATG-CTCCTTAC,GC3F-PE-8242,TAGGCATG-CTCCTTAC,2708122,2614655,93467,0,0.0044,0.9655,0.0345,0.0000
1,CTCTCTAC-CTCCTTAC,GC3F-PE-8242,CTCTCTAC-CTCCTTAC,3122650,3034858,87792,0,0.0051,0.9719,0.0281,0.0000
1,CAGAGAGG-CTCCTTAC,GC3F-PE-8242,CAGAGAGG-CTCCTTAC,2862023,2730026,131997,0,0.0047,0.9539,0.0461,0.0000
1,GCTACGCT-CTCCTTAC,GC3F-PE-8242,GCTACGCT-CTCCTTAC,3140782,3059293,81489,0,0.0051,0.9741,0.0259,0.0000
1,CGAGGCTG-CTCCTTAC,GC3F-PE-8242,CGAGGCTG-CTCCTTAC,2704772,2631711,73061,0,0.0044,0.9730,0.0270,0.0000
1,AAGAGGCA-CTCCTTAC,GC3F-PE-8242,AAGAGGCA-CTCCTTAC,3054661,2973011,81650,0,0.0050,0.9733,0.0267,0.0000
1,GTAGAGGA-CTCCTTAC,GC3F-PE-8242,GTAGAGGA-CTCCTTAC,3088509,2998912,89597,0,0.0050,0.9710,0.0290,0.0000
1,TAAGGCGA-TATGCAGT,GC3F-PE-8242,TAAGGCGA-TATGCAGT,2507505,2399596,107909,0,0.0041,0.9570,0.0430,0.0000
1,CGTACTAG-TATGCAGT,GC3F-PE-8242,CGTACTAG-TATGCAGT,2501843,2334635,167208,0,0.0041,0.9332,0.0668,0.0000
1,AGGCAGAA-TATGCAGT,GC3F-PE-8242,AGGCAGAA-TATGCAGT,2775191,2633370,141821,0,0.0045,0.9489,0.0511,0.0000
1,TCCTGAGC-TATGCAGT,GC3F-PE-8242,TCCTGAGC-TATGCAGT,2676789,2552333,124456,0,0.0044,0.9535,0.0465,0.0000
1,GGACTCCT-TATGCAGT,GC3F-PE-8242,GGACTCCT-TATGCAGT,3067592,2917343,150249,0,0.0050,0.9510,0.0490,0.0000
1,TAGGCATG-TATGCAGT,GC3F-PE-8242,TAGGCATG-TATGCAGT,2616616,2472180,144436,0,0.0043,0.9448,0.0552,0.0000
1,CTCTCTAC-TATGCAGT,GC3F-PE-8242,CTCTCTAC-TATGCAGT,2865275,2718266,147009,0,0.0047,0.9487,0.0513,0.0000
1,CAGAGAGG-TATGCAGT,GC3F-PE-8242,CAGAGAGG-TATGCAGT,2559579,2395465,164114,0,0.0042,0.9359,0.0641,0.0000
1,GCTACGCT-TATGCAGT,GC3F-PE-8242,GCTACGCT-TATGCAGT,2789602,2674614,114988,0,0.0046,0.9588,0.0412,0.0000
1,CGAGGCTG-TATGCAGT,GC3F-PE-8242,CGAGGCTG-TATGCAGT,2435099,2325520,109579,0,0.0040,0.9550,0.0450,0.0000
1,AAGAGGCA-TATGCAGT,GC3F-PE-8242,AAGAGGCA-TATGCAGT,2670321,2530406,139915,0,0.0044,0.9476,0.0524,0.0000
1,GTAGAGGA-TATGCAGT,GC3F-PE-8242,GTAGAGGA-TATGCAGT,2977983,2838248,139735,0,0.0049,0.9531,0.0469,0.0000
1,TAAGGCGA-TACTCCTT,GC3F-PE-8242,TAAGGCGA-TACTCCTT,2953034,2869469,83565,0,0.0048,0.9717,0.0283,0.0000
1,CGTACTAG-TACTCCTT,GC3F-PE-8242,CGTACTAG-TACTCCTT,2926561,2771254,155307,0,0.0048,0.9469,0.0531,0.0000
1,AGGCAGAA-TACTCCTT,GC3F-PE-8242,AGGCAGAA-TACTCCTT,3518373,3406789,111584,0,0.0058,0.9683,0.0317,0.0000
1,TCCTGAGC-TACTCCTT,GC3F-PE-8242,TCCTGAGC-TACTCCTT,2921075,2448076,472999,0,0.0048,0.8381,0.1619,0.0000
1,GGACTCCT-TACTCCTT,GC3F-PE-8242,GGACTCCT-TACTCCTT,3295391,3183366,112025,0,0.0054,0.9660,0.0340,0.0000
1,TAGGCATG-TACTCCTT,GC3F-PE-8242,TAGGCATG-TACTCCTT,2717977,2614241,103736,0,0.0044,0.9618,0.0382,0.0000
1,CTCTCTAC-TACTCCTT,GC3F-PE-8242,CTCTCTAC-TACTCCTT,3260651,3156608,104043,0,0.0053,0.9681,0.0319,0.0000
1,CAGAGAGG-TACTCCTT,GC3F-PE-8242,CAGAGAGG-TACTCCTT,2675290,2543098,132192,0,0.0044,0.9506,0.0494,0.0000
1,GCTACGCT-TACTCCTT,GC3F-PE-8242,GCTACGCT-TACTCCTT,3633175,3528761,104414,0,0.0059,0.9713,0.0287,0.0000
1,CGAGGCTG-TACTCCTT,GC3F-PE-8242,CGAGGCTG-TACTCCTT,2784694,2699660,85034,0,0.0046,0.9695,0.0305,0.0000
1,AAGAGGCA-TACTCCTT,GC3F-PE-8242,AAGAGGCA-TACTCCTT,3271684,3168121,103563,0,0.0053,0.9683,0.0317,0.0000
1,GTAGAGGA-TACTCCTT,GC3F-PE-8242,GTAGAGGA-TACTCCTT,3349296,3242427,106869,0,0.0055,0.9681,0.0319,0.0000
1,TAAGGCGA-AGGCTTAG,GC3F-PE-8242,TAAGGCGA-AGGCTTAG,2182607,2112576,70031,0,0.0036,0.9679,0.0321,0.0000
1,CGTACTAG-AGGCTTAG,GC3F-PE-8242,CGTACTAG-AGGCTTAG,2887664,2726624,161040,0,0.0047,0.9442,0.0558,0.0000
1,AGGCAGAA-AGGCTTAG,GC3F-PE-8242,AGGCAGAA-AGGCTTAG,3133923,3019386,114537,0,0.0051,0.9635,0.0365,0.0000
1,TCCTGAGC-AGGCTTAG,GC3F-PE-8242,TCCTGAGC-AGGCTTAG,3079790,2981919,97871,0,0.0050,0.9682,0.0318,0.0000
1,GGACTCCT-AGGCTTAG,GC3F-PE-8242,GGACTCCT-AGGCTTAG,2797157,2695487,101670,0,0.0046,0.9637,0.0363,0.0000
1,TAGGCATG-AGGCTTAG,GC3F-PE-8242,TAGGCATG-AGGCTTAG,2684513,2572919,111594,0,0.0044,0.9584,0.0416,0.0000
1,CTCTCTAC-AGGCTTAG,GC3F-PE-8242,CTCTCTAC-AGGCTTAG,3359637,3244393,115244,0,0.0055,0.9657,0.0343,0.0000
1,CAGAGAGG-AGGCTTAG,GC3F-PE-8242,CAGAGAGG-AGGCTTAG,2820306,2678942,141364,0,0.0046,0.9499,0.0501,0.0000
1,GCTACGCT-AGGCTTAG,GC3F-PE-8242,GCTACGCT-AGGCTTAG,2265927,2197442,68485,0,0.0037,0.9698,0.0302,0.0000
1,CGAGGCTG-AGGCTTAG,GC3F-PE-8242,CGAGGCTG-AGGCTTAG,2857033,2766489,90544,0,0.0047,0.9683,0.0317,0.0000
1,AAGAGGCA-AGGCTTAG,GC3F-PE-8242,AAGAGGCA-AGGCTTAG,2571990,2477927,94063,0,0.0042,0.9634,0.0366,0.0000
1,GTAGAGGA-AGGCTTAG,GC3F-PE-8242,GTAGAGGA-AGGCTTAG,3003552,2895397,108155,0,0.0049,0.9640,0.0360,0.0000
1,TAAGGCGA-GCATGAGG,GC3F-PE-8242,TAAGGCGA-GCATGAGG,2193367,1985398,207969,0,0.0036,0.9052,0.0948,0.0000
1,CGTACTAG-GCATGAGG,GC3F-PE-8242,CGTACTAG-GCATGAGG,2604550,2314680,289870,0,0.0043,0.8887,0.1113,0.0000
1,AGGCAGAA-GCATGAGG,GC3F-PE-8242,AGGCAGAA-GCATGAGG,2683103,2370305,312798,0,0.0044,0.8834,0.1166,0.0000
1,TCCTGAGC-GCATGAGG,GC3F-PE-8242,TCCTGAGC-GCATGAGG,2903353,2636450,266903,0,0.0047,0.9081,0.0919,0.0000
1,GGACTCCT-GCATGAGG,GC3F-PE-8242,GGACTCCT-GCATGAGG,3034907,2747793,287114,0,0.0050,0.9054,0.0946,0.0000
1,TAGGCATG-GCATGAGG,GC3F-PE-8242,TAGGCATG-GCATGAGG,2770014,2504649,265365,0,0.0045,0.9042,0.0958,0.0000
1,CTCTCTAC-GCATGAGG,GC3F-PE-8242,CTCTCTAC-GCATGAGG,2874594,2582954,291640,0,0.0047,0.8985,0.1015,0.0000
1,CAGAGAGG-GCATGAGG,GC3F-PE-8242,CAGAGAGG-GCATGAGG,2529081,2194104,334977,0,0.0041,0.8675,0.1325,0.0000
1,GCTACGCT-GCATGAGG,GC3F-PE-8242,GCTACGCT-GCATGAGG,3027538,2810424,217114,0,0.0050,0.9283,0.0717,0.0000
1,CGAGGCTG-GCATGAGG,GC3F-PE-8242,CGAGGCTG-GCATGAGG,906997,536284,370713,0,0.0015,0.5913,0.4087,0.0000
1,AAGAGGCA-GCATGAGG,GC3F-PE-8242,AAGAGGCA-GCATGAGG,2183186,1482718,700468,0,0.0036,0.6792,0.3208,0.0000
1,GTAGAGGA-GCATGAGG,GC3F-PE-8242,GTAGAGGA-GCATGAGG,2487413,2213352,274061,0,0.0041,0.8898,0.1102,0.0000
1,TAAGGCGA-TTATCGAG,GC3F-PE-8242,TAAGGCGA-TTATCGAG,2631871,2497001,134870,0,0.0043,0.9488,0.0512,0.0000
1,CGTACTAG-TTATCGAG,GC3F-PE-8242,CGTACTAG-TTATCGAG,2445023,2278350,166673,0,0.0040,0.9318,0.0682,0.0000
1,AGGCAGAA-TTATCGAG,GC3F-PE-8242,AGGCAGAA-TTATCGAG,2927454,2770109,157345,0,0.0048,0.9463,0.0537,0.0000
1,TCCTGAGC-TTATCGAG,GC3F-PE-8242,TCCTGAGC-TTATCGAG,3158801,2992415,166386,0,0.0052,0.9473,0.0527,0.0000
1,GGACTCCT-TTATCGAG,GC3F-PE-8242,GGACTCCT-TTATCGAG,2820265,2663176,157089,0,0.0046,0.9443,0.0557,0.0000
1,TAGGCATG-TTATCGAG,GC3F-PE-8242,TAGGCATG-TTATCGAG,2731188,2578634,152554,0,0.0045,0.9441,0.0559,0.0000
1,CTCTCTAC-TTATCGAG,GC3F-PE-8242,CTCTCTAC-TTATCGAG,2989237,2826733,162504,0,0.0049,0.9456,0.0544,0.0000
1,CAGAGAGG-TTATCGAG,GC3F-PE-8242,CAGAGAGG-TTATCGAG,2594829,2424711,170118,0,0.0042,0.9344,0.0656,0.0000
1,GCTACGCT-TTATCGAG,GC3F-PE-8242,GCTACGCT-TTATCGAG,2703371,2586360,117011,0,0.0044,0.9567,0.0433,0.0000
1,CGAGGCTG-TTATCGAG,GC3F-PE-8242,CGAGGCTG-TTATCGAG,2115736,2011503,104233,0,0.0035,0.9507,0.0493,0.0000
1,AAGAGGCA-TTATCGAG,GC3F-PE-8242,AAGAGGCA-TTATCGAG,2881239,2703863,177376,0,0.0047,0.9384,0.0616,0.0000
1,GTAGAGGA-TTATCGAG,GC3F-PE-8242,GTAGAGGA-TTATCGAG,2870391,2711130,159261,0,0.0047,0.9445,0.0555,0.0000
1,TAAGGCGA-GATATTAA,GC3F-PE-8242,TAAGGCGA-GATATTAA,2239741,1915460,324281,0,0.0037,0.8552,0.1448,0.0000
1,CGTACTAG-GATATTAA,GC3F-PE-8242,CGTACTAG-GATATTAA,2221546,1855059,366487,0,0.0036,0.8350,0.1650,0.0000
1,AGGCAGAA-GATATTAA,GC3F-PE-8242,AGGCAGAA-GATATTAA,2465983,2064416,401567,0,0.0040,0.8372,0.1628,0.0000
1,TCCTGAGC-GATATTAA,GC3F-PE-8242,TCCTGAGC-GATATTAA,2555133,2204893,350240,0,0.0042,0.8629,0.1371,0.0000
1,GGACTCCT-GATATTAA,GC3F-PE-8242,GGACTCCT-GATATTAA,2774826,2374650,400176,0,0.0045,0.8558,0.1442,0.0000
1,TAGGCATG-GATATTAA,GC3F-PE-8242,TAGGCATG-GATATTAA,2556738,2176042,380696,0,0.0042,0.8511,0.1489,0.0000
1,CTCTCTAC-GATATTAA,GC3F-PE-8242,CTCTCTAC-GATATTAA,3245811,2784267,461544,0,0.0053,0.8578,0.1422,0.0000
1,CAGAGAGG-GATATTAA,GC3F-PE-8242,CAGAGAGG-GATATTAA,2190388,1861874,328514,0,0.0036,0.8500,0.1500,0.0000
1,GCTACGCT-GATATTAA,GC3F-PE-8242,GCTACGCT-GATATTAA,2762221,2399624,362597,0,0.0045,0.8687,0.1313,0.0000
1,CGAGGCTG-GATATTAA,GC3F-PE-8242,CGAGGCTG-GATATTAA,2109357,1833644,275713,0,0.0034,0.8693,0.1307,0.0000
1,AAGAGGCA-GATATTAA,GC3F-PE-8242,AAGAGGCA-GATATTAA,2837805,2334147,503658,0,0.0046,0.8225,0.1775,0.0000
1,GTAGAGGA-GATATTAA,GC3F-PE-8242,GTAGAGGA-GATATTAA,2863793,2423374,440419,0,0.0047,0.8462,0.1538,0.0000
1,TAAGGCGA-CCGATAGA,GC3F-PE-8242,TAAGGCGA-CCGATAGA,2159209,1950304,208905,0,0.0035,0.9032,0.0968,0.0000
1,CGTACTAG-CCGATAGA,GC3F-PE-8242,CGTACTAG-CCGATAGA,2700345,2427850,272495,0,0.0044,0.8991,0.1009,0.0000
1,AGGCAGAA-CCGATAGA,GC3F-PE-8242,AGGCAGAA-CCGATAGA,2412028,2143878,268150,0,0.0039,0.8888,0.1112,0.0000
1,TCCTGAGC-CCGATAGA,GC3F-PE-8242,TCCTGAGC-CCGATAGA,2459364,2229896,229468,0,0.0040,0.9067,0.0933,0.0000
1,GGACTCCT-CCGATAGA,GC3F-PE-8242,GGACTCCT-CCGATAGA,2547454,2306484,240970,0,0.0042,0.9054,0.0946,0.0000
1,TAGGCATG-CCGATAGA,GC3F-PE-8242,TAGGCATG-CCGATAGA,2290115,2058389,231726,0,0.0037,0.8988,0.1012,0.0000
1,CTCTCTAC-CCGATAGA,GC3F-PE-8242,CTCTCTAC-CCGATAGA,2811205,2553935,257270,0,0.0046,0.9085,0.0915,0.0000
1,CAGAGAGG-CCGATAGA,GC3F-PE-8242,CAGAGAGG-CCGATAGA,1991868,1815754,176114,0,0.0033,0.9116,0.0884,0.0000
1,GCTACGCT-CCGATAGA,GC3F-PE-8242,GCTACGCT-CCGATAGA,2433952,2252380,181572,0,0.0040,0.9254,0.0746,0.0000
1,CGAGGCTG-CCGATAGA,GC3F-PE-8242,CGAGGCTG-CCGATAGA,2196434,2018396,178038,0,0.0036,0.9189,0.0811,0.0000
1,AAGAGGCA-CCGATAGA,GC3F-PE-8242,AAGAGGCA-CCGATAGA,2393506,2121447,272059,0,0.0039,0.8863,0.1137,0.0000
1,GTAGAGGA-CCGATAGA,GC3F-PE-8242,GTAGAGGA-CCGATAGA,2687346,2433477,253869,0,0.0044,0.9055,0.0945,0.0000
1,TAAGGCGA-AAGAACTC,GC3F-PE-8242,TAAGGCGA-AAGAACTC,2329542,2262112,67430,0,0.0038,0.9711,0.0289,0.0000
1,CGTACTAG-AAGAACTC,GC3F-PE-8242,CGTACTAG-AAGAACTC,2101841,1986219,115622,0,0.0034,0.9450,0.0550,0.0000
1,AGGCAGAA-AAGAACTC,GC3F-PE-8242,AGGCAGAA-AAGAACTC,2290973,2215297,75676,0,0.0037,0.9670,0.0330,0.0000
1,TCCTGAGC-AAGAACTC,GC3F-PE-8242,TCCTGAGC-AAGAACTC,2185020,2118028,66992,0,0.0036,0.9693,0.0307,0.0000
1,GGACTCCT-AAGAACTC,GC3F-PE-8242,GGACTCCT-AAGAACTC,2517029,2422220,94809,0,0.0041,0.9623,0.0377,0.0000
1,TAGGCATG-AAGAACTC,GC3F-PE-8242,TAGGCATG-AAGAACTC,2377630,2285111,92519,0,0.0039,0.9611,0.0389,0.0000
1,CTCTCTAC-AAGAACTC,GC3F-PE-8242,CTCTCTAC-AAGAACTC,2712889,2612403,100486,0,0.0044,0.9630,0.0370,0.0000
1,CAGAGAGG-AAGAACTC,GC3F-PE-8242,CAGAGAGG-AAGAACTC,2081383,1978828,102555,0,0.0034,0.9507,0.0493,0.0000
1,GCTACGCT-AAGAACTC,GC3F-PE-8242,GCTACGCT-AAGAACTC,2483374,2412630,70744,0,0.0041,0.9715,0.0285,0.0000
1,CGAGGCTG-AAGAACTC,GC3F-PE-8242,CGAGGCTG-AAGAACTC,2207060,2136549,70511,0,0.0036,0.9681,0.0319,0.0000
1,AAGAGGCA-AAGAACTC,GC3F-PE-8242,AAGAGGCA-AAGAACTC,2579072,2494058,85014,0,0.0042,0.9670,0.0330,0.0000
1,GTAGAGGA-AAGAACTC,GC3F-PE-8242,GTAGAGGA-AAGAACTC,2636653,2550749,85904,0,0.0043,0.9674,0.0326,0.0000
1,TAAGGCGA-ATCTTAAC,GC3F-PE-8242,TAAGGCGA-ATCTTAAC,2932165,2791022,141143,0,0.0048,0.9519,0.0481,0.0000
1,CGTACTAG-ATCTTAAC,GC3F-PE-8242,CGTACTAG-ATCTTAAC,2822541,2644022,178519,0,0.0046,0.9368,0.0632,0.0000
1,AGGCAGAA-ATCTTAAC,GC3F-PE-8242,AGGCAGAA-ATCTTAAC,3125947,2960878,165069,0,0.0051,0.9472,0.0528,0.0000
1,TCCTGAGC-ATCTTAAC,GC3F-PE-8242,TCCTGAGC-ATCTTAAC,3024661,2878977,145684,0,0.0049,0.9518,0.0482,0.0000
1,GGACTCCT-ATCTTAAC,GC3F-PE-8242,GGACTCCT-ATCTTAAC,3292663,3125014,167649,0,0.0054,0.9491,0.0509,0.0000
1,TAGGCATG-ATCTTAAC,GC3F-PE-8242,TAGGCATG-ATCTTAAC,2968103,2804555,163548,0,0.0049,0.9449,0.0551,0.0000
1,CTCTCTAC-ATCTTAAC,GC3F-PE-8242,CTCTCTAC-ATCTTAAC,3764900,3590902,173998,0,0.0062,0.9538,0.0462,0.0000
1,CAGAGAGG-ATCTTAAC,GC3F-PE-8242,CAGAGAGG-ATCTTAAC,2993852,2804438,189414,0,0.0049,0.9367,0.0633,0.0000
1,GCTACGCT-ATCTTAAC,GC3F-PE-8242,GCTACGCT-ATCTTAAC,3138490,3008290,130200,0,0.0051,0.9585,0.0415,0.0000
1,CGAGGCTG-ATCTTAAC,GC3F-PE-8242,CGAGGCTG-ATCTTAAC,2904439,2772812,131627,0,0.0047,0.9547,0.0453,0.0000
1,AAGAGGCA-ATCTTAAC,GC3F-PE-8242,AAGAGGCA-ATCTTAAC,3074399,2892886,181513,0,0.0050,0.9410,0.0590,0.0000
1,GTAGAGGA-ATCTTAAC,GC3F-PE-8242,GTAGAGGA-ATCTTAAC,3261986,3094109,167877,0,0.0053,0.9485,0.0515,0.0000
1,TAAGGCGA-CAGAATAT,GC3F-PE-8242,TAAGGCGA-CAGAATAT,3008618,2897223,111395,0,0.0049,0.9630,0.0370,0.0000
1,CGTACTAG-CAGAATAT,GC3F-PE-8242,CGTACTAG-CAGAATAT,2808005,2636268,171737,0,0.0046,0.9388,0.0612,0.0000
1,AGGCAGAA-CAGAATAT,GC3F-PE-8242,AGGCAGAA-CAGAATAT,3072291,2935453,136838,0,0.0050,0.9555,0.0445,0.0000
1,TCCTGAGC-CAGAATAT,GC3F-PE-8242,TCCTGAGC-CAGAATAT,3110058,2992194,117864,0,0.0051,0.9621,0.0379,0.0000
1,GGACTCCT-CAGAATAT,GC3F-PE-8242,GGACTCCT-CAGAATAT,3114972,2973215,141757,0,0.0051,0.9545,0.0455,0.0000
1,TAGGCATG-CAGAATAT,GC3F-PE-8242,TAGGCATG-CAGAATAT,2817828,2681788,136040,0,0.0046,0.9517,0.0483,0.0000
1,CTCTCTAC-CAGAATAT,GC3F-PE-8242,CTCTCTAC-CAGAATAT,4000004,3844777,155227,0,0.0065,0.9612,0.0388,0.0000
1,CAGAGAGG-CAGAATAT,GC3F-PE-8242,CAGAGAGG-CAGAATAT,2647187,2501154,146033,0,0.0043,0.9448,0.0552,0.0000
1,GCTACGCT-CAGAATAT,GC3F-PE-8242,GCTACGCT-CAGAATAT,3025228,2917388,107840,0,0.0049,0.9644,0.0356,0.0000
1,CGAGGCTG-CAGAATAT,GC3F-PE-8242,CGAGGCTG-CAGAATAT,2762711,2654153,108558,0,0.0045,0.9607,0.0393,0.0000
1,AAGAGGCA-CAGAATAT,GC3F-PE-8242,AAGAGGCA-CAGAATAT,3034659,2894490,140169,0,0.0050,0.9538,0.0462,0.0000
1,GTAGAGGA-CAGAATAT,GC3F-PE-8242,GTAGAGGA-CAGAATAT,3136718,3011454,125264,0,0.0051,0.9601,0.0399,0.0000
1,TAAGGCGA-CGCGTAGT,GC3F-PE-8242,TAAGGCGA-CGCGTAGT,2318504,2237457,81047,0,0.0038,0.9650,0.0350,0.0000
1,CGTACTAG-CGCGTAGT,GC3F-PE-8242,CGTACTAG-CGCGTAGT,2524215,2374100,150115,0,0.0041,0.9405,0.0595,0.0000
1,AGGCAGAA-CGCGTAGT,GC3F-PE-8242,AGGCAGAA-CGCGTAGT,2935609,2818557,117052,0,0.0048,0.9601,0.0399,0.0000
1,TCCTGAGC-CGCGTAGT,GC3F-PE-8242,TCCTGAGC-CGCGTAGT,2675395,2579044,96351,0,0.0044,0.9640,0.0360,0.0000
1,GGACTCCT-CGCGTAGT,GC3F-PE-8242,GGACTCCT-CGCGTAGT,2865166,2745632,119534,0,0.0047,0.9583,0.0417,0.0000
1,TAGGCATG-CGCGTAGT,GC3F-PE-8242,TAGGCATG-CGCGTAGT,2563243,2449116,114127,0,0.0042,0.9555,0.0445,0.0000
1,CTCTCTAC-CGCGTAGT,GC3F-PE-8242,CTCTCTAC-CGCGTAGT,2782026,2671680,110346,0,0.0045,0.9603,0.0397,0.0000
1,CAGAGAGG-CGCGTAGT,GC3F-PE-8242,CAGAGAGG-CGCGTAGT,2802277,2648514,153763,0,0.0046,0.9451,0.0549,0.0000
1,GCTACGCT-CGCGTAGT,GC3F-PE-8242,GCTACGCT-CGCGTAGT,2900979,2799590,101389,0,0.0047,0.9651,0.0349,0.0000
1,CGAGGCTG-CGCGTAGT,GC3F-PE-8242,CGAGGCTG-CGCGTAGT,2648948,2550836,98112,0,0.0043,0.9630,0.0370,0.0000
1,AAGAGGCA-CGCGTAGT,GC3F-PE-8242,AAGAGGCA-CGCGTAGT,2770064,2657675,112389,0,0.0045,0.9594,0.0406,0.0000
1,GTAGAGGA-CGCGTAGT,GC3F-PE-8242,GTAGAGGA-CGCGTAGT,2290977,2204517,86460,0,0.0037,0.9623,0.0377,0.0000
1,CATACGTA-GCGATCTA,GC3F-PE-8242,CATACGTA-GCGATCTA,889392,862627,26765,0,0.0015,0.9699,0.0301,0.0000
1,CATACGTA-ATAGAGAG,GC3F-PE-8242,CATACGTA-ATAGAGAG,2524253,2339794,184459,0,0.0041,0.9269,0.0731,0.0000
1,CATACGTA-AGAGGATA,GC3F-PE-8242,CATACGTA-AGAGGATA,2136896,2038870,98026,0,0.0035,0.9541,0.0459,0.0000
1,CATACGTA-TCTACTCT,GC3F-PE-8242,CATACGTA-TCTACTCT,3127186,3037276,89910,0,0.0051,0.9712,0.0288,0.0000
1,CATACGTA-CTCCTTAC,GC3F-PE-8242,CATACGTA-CTCCTTAC,2541118,2484476,56642,0,0.0042,0.9777,0.0223,0.0000
1,CATACGTA-TATGCAGT,GC3F-PE-8242,CATACGTA-TATGCAGT,2645547,2533939,111608,0,0.0043,0.9578,0.0422,0.0000
1,CATACGTA-TACTCCTT,GC3F-PE-8242,CATACGTA-TACTCCTT,2688778,2617400,71378,0,0.0044,0.9735,0.0265,0.0000
1,CATACGTA-AGGCTTAG,GC3F-PE-8242,CATACGTA-AGGCTTAG,3715074,3621373,93701,0,0.0061,0.9748,0.0252,0.0000
1,GAACACTG-ATAGAGAG,GC3F-PE-8242,GAACACTG-ATAGAGAG,2314705,2125483,189222,0,0.0038,0.9183,0.0817,0.0000
1,Undetermined,Undetermined,,64826743,64826743,0,0,0.1060,1.0000,0.0000,0.0000
2,TAAGGCGA-GCGATCTA,GC3F-PE-8242,TAAGGCGA-GCGATCTA,2415237,2347667,67570,0,0.0039,0.9720,0.0280,0.0000
2,CGTACTAG-GCGATCTA,GC3F-PE-8242,CGTACTAG-GCGATCTA,2695702,2576871,118831,0,0.0044,0.9559,0.0441,0.0000
2,AGGCAGAA-GCGATCTA,GC3F-PE-8242,AGGCAGAA-GCGATCTA,2609627,2528602,81025,0,0.0043,0.9690,0.0310,0.0000
2,TCCTGAGC-GCGATCTA,GC3F-PE-8242,TCCTGAGC-GCGATCTA,2656690,2530658,126032,0,0.0043,0.9526,0.0474,0.0000
2,GGACTCCT-GCGATCTA,GC3F-PE-8242,GGACTCCT-GCGATCTA,2772851,2674615,98236,0,0.0045,0.9646,0.0354,0.0000
2,TAGGCATG-GCGATCTA,GC3F-PE-8242,TAGGCATG-GCGATCTA,2289458,2206512,82946,0,0.0037,0.9638,0.0362,0.0000
2,CTCTCTAC-GCGATCTA,GC3F-PE-8242,CTCTCTAC-GCGATCTA,2505616,2416176,89440,0,0.0041,0.9643,0.0357,0.0000
2,CAGAGAGG-GCGATCTA,GC3F-PE-8242,CAGAGAGG-GCGATCTA,1950405,1869128,81277,0,0.0032,0.9583,0.0417,0.0000
2,GCTACGCT-GCGATCTA,GC3F-PE-8242,GCTACGCT-GCGATCTA,2656871,2585633,71238,0,0.0043,0.9732,0.0268,0.0000
2,CGAGGCTG-GCGATCTA,GC3F-PE-8242,CGAGGCTG-GCGATCTA,2231432,2161406,70026,0,0.0036,0.9686,0.0314,0.0000
2,AAGAGGCA-GCGATCTA,GC3F-PE-8242,AAGAGGCA-GCGATCTA,2856265,2765357,90908,0,0.0047,0.9682,0.0318,0.0000
2,GTAGAGGA-GCGATCTA,GC3F-PE-8242,GTAGAGGA-GCGATCTA,2437833,2314641,123192,0,0.0040,0.9495,0.0505,0.0000
2,TAAGGCGA-ATAGAGAG,GC3F-PE-8242,TAAGGCGA-ATAGAGAG,2451445,2300005,151440,0,0.0040,0.9382,0.0618,0.0000
2,CGTACTAG-ATAGAGAG,GC3F-PE-8242,CGTACTAG-ATAGAGAG,2540661,2373345,167316,0,0.0041,0.9341,0.0659,0.0000
2,AGGCAGAA-ATAGAGAG,GC3F-PE-8242,AGGCAGAA-ATAGAGAG,2777581,2560957,216624,0,0.0045,0.9220,0.0780,0.0000
2,TCCTGAGC-ATAGAGAG,GC3F-PE-8242,TCCTGAGC-ATAGAGAG,2728313,2558534,169779,0,0.0044,0.9378,0.0622,0.0000
2,GGACTCCT-ATAGAGAG,GC3F-PE-8242,GGACTCCT-ATAGAGAG,2797784,2611405,186379,0,0.0046,0.9334,0.0666,0.0000
2,TAGGCATG-ATAGAGAG,GC3F-PE-8242,TAGGCATG-ATAGAGAG,2587351,2396220,191131,0,0.0042,0.9261,0.0739,0.0000
2,CTCTCTAC-ATAGAGAG,GC3F-PE-8242,CTCTCTAC-ATAGAGAG,2859845,2667559,192286,0,0.0047,0.9328,0.0672,0.0000
2,CAGAGAGG-ATAGAGAG,GC3F-PE-8242,CAGAGAGG-ATAGAGAG,2633183,2457543,175640,0,0.0043,0.9333,0.0667,0.0000
2,GCTACGCT-ATAGAGAG,GC3F-PE-8242,GCTACGCT-ATAGAGAG,3113218,2938773,174445,0,0.0051,0.9440,0.0560,0.0000
2,CGAGGCTG-ATAGAGAG,GC3F-PE-8242,CGAGGCTG-ATAGAGAG,2305336,2179582,125754,0,0.0038,0.9455,0.0545,0.0000
2,AAGAGGCA-ATAGAGAG,GC3F-PE-8242,AAGAGGCA-ATAGAGAG,2774906,2549253,225653,0,0.0045,0.9187,0.0813,0.0000
2,GTAGAGGA-ATAGAGAG,GC3F-PE-8242,GTAGAGGA-ATAGAGAG,2759308,2580430,178878,0,0.0045,0.9352,0.0648,0.0000
2,TAAGGCGA-AGAGGATA,GC3F-PE-8242,TAAGGCGA-AGAGGATA,2547934,2442439,105495,0,0.0042,0.9586,0.0414,0.0000
2,CGTACTAG-AGAGGATA,GC3F-PE-8242,CGTACTAG-AGAGGATA,2355337,2237572,117765,0,0.0038,0.9500,0.0500,0.0000
2,AGGCAGAA-AGAGGATA,GC3F-PE-8242,AGGCAGAA-AGAGGATA,2450171,2330002,120169,0,0.0040,0.9510,0.0490,0.0000
2,TCCTGAGC-AGAGGATA,GC3F-PE-8242,TCCTGAGC-AGAGGATA,2767162,2644859,122303,0,0.0045,0.9558,0.0442,0.0000
2,GGACTCCT-AGAGGATA,GC3F-PE-8242,GGACTCCT-AGAGGATA,2805296,2671868,133428,0,0.0046,0.9524,0.0476,0.0000
2,TAGGCATG-AGAGGATA,GC3F-PE-8242,TAGGCATG-AGAGGATA,2566967,2439107,127860,0,0.0042,0.9502,0.0498,0.0000
2,CTCTCTAC-AGAGGATA,GC3F-PE-8242,CTCTCTAC-AGAGGATA,2523619,2403178,120441,0,0.0041,0.9523,0.0477,0.0000
2,CAGAGAGG-AGAGGATA,GC3F-PE-8242,CAGAGAGG-AGAGGATA,2512230,2377280,134950,0,0.0041,0.9463,0.0537,0.0000
2,GCTACGCT-AGAGGATA,GC3F-PE-8242,GCTACGCT-AGAGGATA,2845024,2733109,111915,0,0.0046,0.9607,0.0393,0.0000
2,CGAGGCTG-AGAGGATA,GC3F-PE-8242,CGAGGCTG-AGAGGATA,2448427,2345153,103274,0,0.0040,0.9578,0.0422,0.0000
2,AAGAGGCA-AGAGGATA,GC3F-PE-8242,AAGAGGCA-AGAGGATA,2571951,2445800,126151,0,0.0042,0.9510,0.0490,0.0000
2,GTAGAGGA-AGAGGATA,GC3F-PE-8242,GTAGAGGA-AGAGGATA,2861960,2731570,130390,0,0.0047,0.9544,0.0456,0.0000
2,TAAGGCGA-TCTACTCT,GC3F-PE-8242,TAAGGCGA-TCTACTCT,2849308,2779232,70076,0,0.0046,0.9754,0.0246,0.0000
2,CGTACTAG-TCTACTCT,GC3F-PE-8242,CGTACTAG-TCTACTCT,2895943,2791367,104576,0,0.0047,0.9639,0.0361,0.0000
2,AGGCAGAA-TCTACTCT,GC3F-PE-8242,AGGCAGAA-TCTACTCT,2871257,2795956,75301,0,0.0047,0.9738,0.0262,0.0000
2,TCCTGAGC-TCTACTCT,GC3F-PE-8242,TCCTGAGC-TCTACTCT,2728929,2656539,72390,0,0.0044,0.9735,0.0265,0.0000
2,GGACTCCT-TCTACTCT,GC3F-PE-8242,GGACTCCT-TCTACTCT,3242950,3151165,91785,0,0.0053,0.9717,0.0283,0.0000
2,TAGGCATG-TCTACTCT,GC3F-PE-8242,TAGGCATG-TCTACTCT,2965735,2877300,88435,0,0.0048,0.9702,0.0298,0.0000
2,CTCTCTAC-TCTACTCT,GC3F-PE-8242,CTCTCTAC-TCTACTCT,3087681,2998536,89145,0,0.0050,0.9711,0.0289,0.0000
2,CAGAGAGG-TCTACTCT,GC3F-PE-8242,CAGAGAGG-TCTACTCT,2785674,2667139,118535,0,0.0045,0.9574,0.0426,0.0000
2,GCTACGCT-TCTACTCT,GC3F-PE-8242,GCTACGCT-TCTACTCT,3321721,3235262,86459,0,0.0054,0.9740,0.0260,0.0000
2,CGAGGCTG-TCTACTCT,GC3F-PE-8242,CGAGGCTG-TCTACTCT,2819296,2741673,77623,0,0.0046,0.9725,0.0275,0.0000
2,AAGAGGCA-TCTACTCT,GC3F-PE-8242,AAGAGGCA-TCTACTCT,3051000,2967722,83278,0,0.0050,0.9727,0.0273,0.0000
2,GTAGAGGA-TCTACTCT,GC3F-PE-8242,GTAGAGGA-TCTACTCT,3265544,3166115,99429,0,0.0053,0.9696,0.0304,0.0000
2,TAAGGCGA-CTCCTTAC,GC3F-PE-8242,TAAGGCGA-CTCCTTAC,2684235,2627823,56412,0,0.0044,0.9790,0.0210,0.0000
2,CGTACTAG-CTCCTTAC,GC3F-PE-8242,CGTACTAG-CTCCTTAC,2550221,2465388,84833,0,0.0042,0.9667,0.0333,0.0000
2,AGGCAGAA-CTCCTTAC,GC3F-PE-8242,AGGCAGAA-CTCCTTAC,2771792,2707841,63951,0,0.0045,0.9769,0.0231,0.0000
2,TCCTGAGC-CTCCTTAC,GC3F-PE-8242,TCCTGAGC-CTCCTTAC,2775876,2705987,69889,0,0.0045,0.9748,0.0252,0.0000
2,GGACTCCT-CTCCTTAC,GC3F-PE-8242,GGACTCCT-CTCCTTAC,3297526,3212512,85014,0,0.0054,0.9742,0.0258,0.0000
2,TAGGCATG-CTCCTTAC,GC3F-PE-8242,TAGGCATG-CTCCTTAC,2764696,2690138,74558,0,0.0045,0.9730,0.0270,0.0000
2,CTCTCTAC-CTCCTTAC,GC3F-PE-8242,CTCTCTAC-CTCCTTAC,3137074,3056173,80901,0,0.0051,0.9742,0.0258,0.0000
2,CAGAGAGG-CTCCTTAC,GC3F-PE-8242,CAGAGAGG-CTCCTTAC,2835237,2724542,110695,0,0.0046,0.9610,0.0390,0.0000
2,GCTACGCT-CTCCTTAC,GC3F-PE-8242,GCTACGCT-CTCCTTAC,3043687,2970820,72867,0,0.0050,0.9761,0.0239,0.0000
2,CGAGGCTG-CTCCTTAC,GC3F-PE-8242,CGAGGCTG-CTCCTTAC,2707896,2643895,64001,0,0.0044,0.9764,0.0236,0.0000
2,AAGAGGCA-CTCCTTAC,GC3F-PE-8242,AAGAGGCA-CTCCTTAC,3057433,2986879,70554,0,0.0050,0.9769,0.0231,0.0000
2,GTAGAGGA-CTCCTTAC,GC3F-PE-8242,GTAGAGGA-CTCCTTAC,3101057,3015854,85203,0,0.0051,0.9725,0.0275,0.0000
2,TAAGGCGA-TATGCAGT,GC3F-PE-8242,TAAGGCGA-TATGCAGT,2525715,2441632,84083,0,0.0041,0.9667,0.0333,0.0000
2,CGTACTAG-TATGCAGT,GC3F-PE-8242,CGTACTAG-TATGCAGT,2558299,2448836,109463,0,0.0042,0.9572,0.0428,0.0000
2,AGGCAGAA-TATGCAGT,GC3F-PE-8242,AGGCAGAA-TATGCAGT,2793925,2685444,108481,0,0.0046,0.9612,0.0388,0.0000
2,TCCTGAGC-TATGCAGT,GC3F-PE-8242,TCCTGAGC-TATGCAGT,2661328,2564578,96750,0,0.0043,0.9636,0.0364,0.0000
2,GGACTCCT-TATGCAGT,GC3F-PE-8242,GGACTCCT-TATGCAGT,3011434,2899239,112195,0,0.0049,0.9627,0.0373,0.0000
2,TAGGCATG-TATGCAGT,GC3F-PE-8242,TAGGCATG-TATGCAGT,2680667,2574973,105694,0,0.0044,0.9606,0.0394,0.0000
2,CTCTCTAC-TATGCAGT,GC3F-PE-8242,CTCTCTAC-TATGCAGT,2857116,2742850,114266,0,0.0047,0.9600,0.0400,0.0000
2,CAGAGAGG-TATGCAGT,GC3F-PE-8242,CAGAGAGG-TATGCAGT,2578590,2451038,127552,0,0.0042,0.9505,0.0495,0.0000
2,GCTACGCT-TATGCAGT,GC3F-PE-8242,GCTACGCT-TATGCAGT,2697427,2606724,90703,0,0.0044,0.9664,0.0336,0.0000
2,CGAGGCTG-TATGCAGT,GC3F-PE-8242,CGAGGCTG-TATGCAGT,2461170,2376148,85022,0,0.0040,0.9655,0.0345,0.0000
2,AAGAGGCA-TATGCAGT,GC3F-PE-8242,AAGAGGCA-TATGCAGT,2696338,2586036,110302,0,0.0044,0.9591,0.0409,0.0000
2,GTAGAGGA-TATGCAGT,GC3F-PE-8242,GTAGAGGA-TATGCAGT,2983033,2867267,115766,0,0.0049,0.9612,0.0388,0.0000
2,TAAGGCGA-TACTCCTT,GC3F-PE-8242,TAAGGCGA-TACTCCTT,2986501,2909065,77436,0,0.0049,0.9741,0.0259,0.0000
2,CGTACTAG-TACTCCTT,GC3F-PE-8242,CGTACTAG-TACTCCTT,2981573,2874127,107446,0,0.0049,0.9640,0.0360,0.0000
2,AGGCAGAA-TACTCCTT,GC3F-PE-8242,AGGCAGAA-TACTCCTT,3467768,3368413,99355,0,0.0056,0.9713,0.0287,0.0000
2,TCCTGAGC-TACTCCTT,GC3F-PE-8242,TCCTGAGC-TACTCCTT,3075756,2728143,347613,0,0.0050,0.8870,0.1130,0.0000
2,GGACTCCT-TACTCCTT,GC3F-PE-8242,GGACTCCT-TACTCCTT,3287104,3190116,96988,0,0.0054,0.9705,0.0295,0.0000
2,TAGGCATG-TACTCCTT,GC3F-PE-8242,TAGGCATG-TACTCCTT,2771308,2683497,87811,0,0.0045,0.9683,0.0317,0.0000
2,CTCTCTAC-TACTCCTT,GC3F-PE-8242,CTCTCTAC-TACTCCTT,3294076,3192058,102018,0,0.0054,0.9690,0.0310,0.0000
2,CAGAGAGG-TACTCCTT,GC3F-PE-8242,CAGAGAGG-TACTCCTT,2696490,2580561,115929,0,0.0044,0.9570,0.0430,0.0000
2,GCTACGCT-TACTCCTT,GC3F-PE-8242,GCTACGCT-TACTCCTT,3517779,3419542,98237,0,0.0057,0.9721,0.0279,0.0000
2,CGAGGCTG-TACTCCTT,GC3F-PE-8242,CGAGGCTG-TACTCCTT,2819077,2739803,79274,0,0.0046,0.9719,0.0281,0.0000
2,AAGAGGCA-TACTCCTT,GC3F-PE-8242,AAGAGGCA-TACTCCTT,3297651,3198972,98679,0,0.0054,0.9701,0.0299,0.0000
2,GTAGAGGA-TACTCCTT,GC3F-PE-8242,GTAGAGGA-TACTCCTT,3342578,3236083,106495,0,0.0054,0.9681,0.0319,0.0000
2,TAAGGCGA-AGGCTTAG,GC3F-PE-8242,TAAGGCGA-AGGCTTAG,2231946,2171905,60041,0,0.0036,0.9731,0.0269,0.0000
2,CGTACTAG-AGGCTTAG,GC3F-PE-8242,CGTACTAG-AGGCTTAG,2945425,2839103,106322,0,0.0048,0.9639,0.0361,0.0000
2,AGGCAGAA-AGGCTTAG,GC3F-PE-8242,AGGCAGAA-AGGCTTAG,3152181,3055732,96449,0,0.0051,0.9694,0.0306,0.0000
2,TCCTGAGC-AGGCTTAG,GC3F-PE-8242,TCCTGAGC-AGGCTTAG,3051492,2965479,86013,0,0.0050,0.9718,0.0282,0.0000
2,GGACTCCT-AGGCTTAG,GC3F-PE-8242,GGACTCCT-AGGCTTAG,2772382,2690141,82241,0,0.0045,0.9703,0.0297,0.0000
2,TAGGCATG-AGGCTTAG,GC3F-PE-8242,TAGGCATG-AGGCTTAG,2739783,2652688,87095,0,0.0045,0.9682,0.0318,0.0000
2,CTCTCTAC-AGGCTTAG,GC3F-PE-8242,CTCTCTAC-AGGCTTAG,3339202,3236111,103091,0,0.0054,0.9691,0.0309,0.0000
2,CAGAGAGG-AGGCTTAG,GC3F-PE-8242,CAGAGAGG-AGGCTTAG,2806606,2687911,118695,0,0.0046,0.9577,0.0423,0.0000
2,GCTACGCT-AGGCTTAG,GC3F-PE-8242,GCTACGCT-AGGCTTAG,2157626,2099615,58011,0,0.0035,0.9731,0.0269,0.0000
2,CGAGGCTG-AGGCTTAG,GC3F-PE-8242,CGAGGCTG-AGGCTTAG,2892965,2814597,78368,0,0.0047,0.9729,0.0271,0.0000
2,AAGAGGCA-AGGCTTAG,GC3F-PE-8242,AAGAGGCA-AGGCTTAG,2617762,2536267,81495,0,0.0043,0.9689,0.0311,0.0000
2,GTAGAGGA-AGGCTTAG,GC3F-PE-8242,GTAGAGGA-AGGCTTAG,3018066,2917634,100432,0,0.0049,0.9667,0.0333,0.0000
2,TAAGGCGA-GCATGAGG,GC3F-PE-8242,TAAGGCGA-GCATGAGG,2241652,2089031,152621,0,0.0037,0.9319,0.0681,0.0000
2,CGTACTAG-GCATGAGG,GC3F-PE-8242,CGTACTAG-GCATGAGG,2672558,2487296,185262,0,0.0044,0.9307,0.0693,0.0000
2,AGGCAGAA-GCATGAGG,GC3F-PE-8242,AGGCAGAA-GCATGAGG,2708781,2489181,219600,0,0.0044,0.9189,0.0811,0.0000
2,TCCTGAGC-GCATGAGG,GC3F-PE-8242,TCCTGAGC-GCATGAGG,2924254,2728269,195985,0,0.0048,0.9330,0.0670,0.0000
2,GGACTCCT-GCATGAGG,GC3F-PE-8242,GGACTCCT-GCATGAGG,3070931,2866864,204067,0,0.0050,0.9335,0.0665,0.0000
2,TAGGCATG-GCATGAGG,GC3F-PE-8242,TAGGCATG-GCATGAGG,2779791,2592312,187479,0,0.0045,0.9326,0.0674,0.0000
2,CTCTCTAC-GCATGAGG,GC3F-PE-8242,CTCTCTAC-GCATGAGG,2887450,2675688,211762,0,0.0047,0.9267,0.0733,0.0000
2,CAGAGAGG-GCATGAGG,GC3F-PE-8242,CAGAGAGG-GCATGAGG,2522420,2285032,237388,0,0.0041,0.9059,0.0941,0.0000
2,GCTACGCT-GCATGAGG,GC3F-PE-8242,GCTACGCT-GCATGAGG,2914554,2758908,155646,0,0.0047,0.9466,0.0534,0.0000
2,CGAGGCTG-GCATGAGG,GC3F-PE-8242,CGAGGCTG-GCATGAGG,1005165,628256,376909,0,0.0016,0.6250,0.3750,0.0000
2,AAGAGGCA-GCATGAGG,GC3F-PE-8242,AAGAGGCA-GCATGAGG,2444002,1868950,575052,0,0.0040,0.7647,0.2353,0.0000
2,GTAGAGGA-GCATGAGG,GC3F-PE-8242,GTAGAGGA-GCATGAGG,2534441,2327548,206893,0,0.0041,0.9184,0.0816,0.0000
2,TAAGGCGA-TTATCGAG,GC3F-PE-8242,TAAGGCGA-TTATCGAG,2683214,2607884,75330,0,0.0044,0.9719,0.0281,0.0000
2,CGTACTAG-TTATCGAG,GC3F-PE-8242,CGTACTAG-TTATCGAG,2504184,2409438,94746,0,0.0041,0.9622,0.0378,0.0000
2,AGGCAGAA-TTATCGAG,GC3F-PE-8242,AGGCAGAA-TTATCGAG,2904406,2815194,89212,0,0.0047,0.9693,0.0307,0.0000
2,TCCTGAGC-TTATCGAG,GC3F-PE-8242,TCCTGAGC-TTATCGAG,3170999,3073201,97798,0,0.0052,0.9692,0.0308,0.0000
2,GGACTCCT-TTATCGAG,GC3F-PE-8242,GGACTCCT-TTATCGAG,2827733,2736422,91311,0,0.0046,0.9677,0.0323,0.0000
2,TAGGCATG-TTATCGAG,GC3F-PE-8242,TAGGCATG-TTATCGAG,2762570,2675417,87153,0,0.0045,0.9685,0.0315,0.0000
2,CTCTCTAC-TTATCGAG,GC3F-PE-8242,CTCTCTAC-TTATCGAG,2989443,2889956,99487,0,0.0049,0.9667,0.0333,0.0000
2,CAGAGAGG-TTATCGAG,GC3F-PE-8242,CAGAGAGG-TTATCGAG,2569630,2457372,112258,0,0.0042,0.9563,0.0437,0.0000
2,GCTACGCT-TTATCGAG,GC3F-PE-8242,GCTACGCT-TTATCGAG,2597265,2526413,70852,0,0.0042,0.9727,0.0273,0.0000
2,CGAGGCTG-TTATCGAG,GC3F-PE-8242,CGAGGCTG-TTATCGAG,2120169,2056591,63578,0,0.0035,0.9700,0.0300,0.0000
2,AAGAGGCA-TTATCGAG,GC3F-PE-8242,AAGAGGCA-TTATCGAG,2924490,2827214,97276,0,0.0048,0.9667,0.0333,0.0000
2,GTAGAGGA-TTATCGAG,GC3F-PE-8242,GTAGAGGA-TTATCGAG,2891668,2793422,98246,0,0.0047,0.9660,0.0340,0.0000
2,TAAGGCGA-GATATTAA,GC3F-PE-8242,TAAGGCGA-GATATTAA,2286992,2150019,136973,0,0.0037,0.9401,0.0599,0.0000
2,CGTACTAG-GATATTAA,GC3F-PE-8242,CGTACTAG-GATATTAA,2290752,2124232,166520,0,0.0037,0.9273,0.0727,0.0000
2,AGGCAGAA-GATATTAA,GC3F-PE-8242,AGGCAGAA-GATATTAA,2488546,2312587,175959,0,0.0041,0.9293,0.0707,0.0000
2,TCCTGAGC-GATATTAA,GC3F-PE-8242,TCCTGAGC-GATATTAA,2583898,2429755,154143,0,0.0042,0.9403,0.0597,0.0000
2,GGACTCCT-GATATTAA,GC3F-PE-8242,GGACTCCT-GATATTAA,2787252,2616959,170293,0,0.0045,0.9389,0.0611,0.0000
2,TAGGCATG-GATATTAA,GC3F-PE-8242,TAGGCATG-GATATTAA,2595284,2425680,169604,0,0.0042,0.9346,0.0654,0.0000
2,CTCTCTAC-GATATTAA,GC3F-PE-8242,CTCTCTAC-GATATTAA,3245342,3042751,202591,0,0.0053,0.9376,0.0624,0.0000
2,CAGAGAGG-GATATTAA,GC3F-PE-8242,CAGAGAGG-GATATTAA,2210620,2045575,165045,0,0.0036,0.9253,0.0747,0.0000
2,GCTACGCT-GATATTAA,GC3F-PE-8242,GCTACGCT-GATATTAA,2739376,2589366,150010,0,0.0045,0.9452,0.0548,0.0000
2,CGAGGCTG-GATATTAA,GC3F-PE-8242,CGAGGCTG-GATATTAA,2127188,2007378,119810,0,0.0035,0.9437,0.0563,0.0000
2,AAGAGGCA-GATATTAA,GC3F-PE-8242,AAGAGGCA-GATATTAA,2907501,2685775,221726,0,0.0047,0.9237,0.0763,0.0000
2,GTAGAGGA-GATATTAA,GC3F-PE-8242,GTAGAGGA-GATATTAA,2900558,2699058,201500,0,0.0047,0.9305,0.0695,0.0000
2,TAAGGCGA-CCGATAGA,GC3F-PE-8242,TAAGGCGA-CCGATAGA,2189702,2035836,153866,0,0.0036,0.9297,0.0703,0.0000
2,CGTACTAG-CCGATAGA,GC3F-PE-8242,CGTACTAG-CCGATAGA,2770621,2583713,186908,0,0.0045,0.9325,0.0675,0.0000
2,AGGCAGAA-CCGATAGA,GC3F-PE-8242,AGGCAGAA-CCGATAGA,2441302,2242456,198846,0,0.0040,0.9185,0.0815,0.0000
2,TCCTGAGC-CCGATAGA,GC3F-PE-8242,TCCTGAGC-CCGATAGA,2485587,2313854,171733,0,0.0040,0.9309,0.0691,0.0000
2,GGACTCCT-CCGATAGA,GC3F-PE-8242,GGACTCCT-CCGATAGA,2574102,2394500,179602,0,0.0042,0.9302,0.0698,0.0000
2,TAGGCATG-CCGATAGA,GC3F-PE-8242,TAGGCATG-CCGATAGA,2335288,2160768,174520,0,0.0038,0.9253,0.0747,0.0000
2,CTCTCTAC-CCGATAGA,GC3F-PE-8242,CTCTCTAC-CCGATAGA,2800491,2605690,194801,0,0.0046,0.9304,0.0696,0.0000
2,CAGAGAGG-CCGATAGA,GC3F-PE-8242,CAGAGAGG-CCGATAGA,1995121,1859262,135859,0,0.0033,0.9319,0.0681,0.0000
2,GCTACGCT-CCGATAGA,GC3F-PE-8242,GCTACGCT-CCGATAGA,2403785,2266527,137258,0,0.0039,0.9429,0.0571,0.0000
2,CGAGGCTG-CCGATAGA,GC3F-PE-8242,CGAGGCTG-CCGATAGA,2229080,2094614,134466,0,0.0036,0.9397,0.0603,0.0000
2,AAGAGGCA-CCGATAGA,GC3F-PE-8242,AAGAGGCA-CCGATAGA,2463732,2256463,207269,0,0.0040,0.9159,0.0841,0.0000
2,GTAGAGGA-CCGATAGA,GC3F-PE-8242,GTAGAGGA-CCGATAGA,2748257,2552306,195951,0,0.0045,0.9287,0.0713,0.0000
2,TAAGGCGA-AAGAACTC,GC3F-PE-8242,TAAGGCGA-AAGAACTC,2333548,2272756,60792,0,0.0038,0.9739,0.0261,0.0000
2,CGTACTAG-AAGAACTC,GC3F-PE-8242,CGTACTAG-AAGAACTC,2146815,2067114,79701,0,0.0035,0.9629,0.0371,0.0000
2,AGGCAGAA-AAGAACTC,GC3F-PE-8242,AGGCAGAA-AAGAACTC,2258128,2191871,66257,0,0.0037,0.9707,0.0293,0.0000
2,TCCTGAGC-AAGAACTC,GC3F-PE-8242,TCCTGAGC-AAGAACTC,2199356,2136883,62473,0,0.0036,0.9716,0.0284,0.0000
2,GGACTCCT-AAGAACTC,GC3F-PE-8242,GGACTCCT-AAGAACTC,2533178,2453657,79521,0,0.0041,0.9686,0.0314,0.0000
2,TAGGCATG-AAGAACTC,GC3F-PE-8242,TAGGCATG-AAGAACTC,2400958,2325569,75389,0,0.0039,0.9686,0.0314,0.0000
2,CTCTCTAC-AAGAACTC,GC3F-PE-8242,CTCTCTAC-AAGAACTC,2690585,2600877,89708,0,0.0044,0.9667,0.0333,0.0000
2,CAGAGAGG-AAGAACTC,GC3F-PE-8242,CAGAGAGG-AAGAACTC,2072690,1984764,87926,0,0.0034,0.9576,0.0424,0.0000
2,GCTACGCT-AAGAACTC,GC3F-PE-8242,GCTACGCT-AAGAACTC,2373228,2309380,63848,0,0.0039,0.9731,0.0269,0.0000
2,CGAGGCTG-AAGAACTC,GC3F-PE-8242,CGAGGCTG-AAGAACTC,2223609,2159581,64028,0,0.0036,0.9712,0.0288,0.0000
2,AAGAGGCA-AAGAACTC,GC3F-PE-8242,AAGAGGCA-AAGAACTC,2589674,2511843,77831,0,0.0042,0.9699,0.0301,0.0000
2,GTAGAGGA-AAGAACTC,GC3F-PE-8242,GTAGAGGA-AAGAACTC,2631405,2548109,83296,0,0.0043,0.9683,0.0317,0.0000
2,TAAGGCGA-ATCTTAAC,GC3F-PE-8242,TAAGGCGA-ATCTTAAC,2943996,2853293,90703,0,0.0048,0.9692,0.0308,0.0000
2,CGTACTAG-ATCTTAAC,GC3F-PE-8242,CGTACTAG-ATCTTAAC,2881829,2773621,108208,0,0.0047,0.9625,0.0375,0.0000
2,AGGCAGAA-ATCTTAAC,GC3F-PE-8242,AGGCAGAA-ATCTTAAC,3063860,2959329,104531,0,0.0050,0.9659,0.0341,0.0000
2,TCCTGAGC-ATCTTAAC,GC3F-PE-8242,TCCTGAGC-ATCTTAAC,3022149,2923971,98178,0,0.0049,0.9675,0.0325,0.0000
2,GGACTCCT-ATCTTAAC,GC3F-PE-8242,GGACTCCT-ATCTTAAC,3247629,3139856,107773,0,0.0053,0.9668,0.0332,0.0000
2,TAGGCATG-ATCTTAAC,GC3F-PE-8242,TAGGCATG-ATCTTAAC,3023390,2916605,106785,0,0.0049,0.9647,0.0353,0.0000
2,CTCTCTAC-ATCTTAAC,GC3F-PE-8242,CTCTCTAC-ATCTTAAC,3729246,3609063,120183,0,0.0061,0.9678,0.0322,0.0000
2,CAGAGAGG-ATCTTAAC,GC3F-PE-8242,CAGAGAGG-ATCTTAAC,2968510,2832946,135564,0,0.0048,0.9543,0.0457,0.0000
2,GCTACGCT-ATCTTAAC,GC3F-PE-8242,GCTACGCT-ATCTTAAC,2974735,2887554,87181,0,0.0048,0.9707,0.0293,0.0000
2,CGAGGCTG-ATCTTAAC,GC3F-PE-8242,CGAGGCTG-ATCTTAAC,2936675,2845644,91031,0,0.0048,0.9690,0.0310,0.0000
2,AAGAGGCA-ATCTTAAC,GC3F-PE-8242,AAGAGGCA-ATCTTAAC,3082935,2969108,113827,0,0.0050,0.9631,0.0369,0.0000
2,GTAGAGGA-ATCTTAAC,GC3F-PE-8242,GTAGAGGA-ATCTTAAC,3288988,3170765,118223,0,0.0054,0.9641,0.0359,0.0000
2,TAAGGCGA-CAGAATAT,GC3F-PE-8242,TAAGGCGA-CAGAATAT,3031220,2936145,95075,0,0.0049,0.9686,0.0314,0.0000
2,CGTACTAG-CAGAATAT,GC3F-PE-8242,CGTACTAG-CAGAATAT,2854596,2736487,118109,0,0.0047,0.9586,0.0414,0.0000
2,AGGCAGAA-CAGAATAT,GC3F-PE-8242,AGGCAGAA-CAGAATAT,3019237,2906435,112802,0,0.0049,0.9626,0.0374,0.0000
2,TCCTGAGC-CAGAATAT,GC3F-PE-8242,TCCTGAGC-CAGAATAT,3063398,2961744,101654,0,0.0050,0.9668,0.0332,0.0000
2,GGACTCCT-CAGAATAT,GC3F-PE-8242,GGACTCCT-CAGAATAT,3034366,2921702,112664,0,0.0049,0.9629,0.0371,0.0000
2,TAGGCATG-CAGAATAT,GC3F-PE-8242,TAGGCATG-CAGAATAT,2857851,2748513,109338,0,0.0047,0.9617,0.0383,0.0000
2,CTCTCTAC-CAGAATAT,GC3F-PE-8242,CTCTCTAC-CAGAATAT,3909873,3776005,133868,0,0.0064,0.9658,0.0342,0.0000
2,CAGAGAGG-CAGAATAT,GC3F-PE-8242,CAGAGAGG-CAGAATAT,2648656,2525872,122784,0,0.0043,0.9536,0.0464,0.0000
2,GCTACGCT-CAGAATAT,GC3F-PE-8242,GCTACGCT-CAGAATAT,2856344,2765781,90563,0,0.0047,0.9683,0.0317,0.0000
2,CGAGGCTG-CAGAATAT,GC3F-PE-8242,CGAGGCTG-CAGAATAT,2790187,2695255,94932,0,0.0045,0.9660,0.0340,0.0000
2,AAGAGGCA-CAGAATAT,GC3F-PE-8242,AAGAGGCA-CAGAATAT,3051558,2931454,120104,0,0.0050,0.9606,0.0394,0.0000
2,GTAGAGGA-CAGAATAT,GC3F-PE-8242,GTAGAGGA-CAGAATAT,3114554,3000284,114270,0,0.0051,0.9633,0.0367,0.0000
2,TAAGGCGA-CGCGTAGT,GC3F-PE-8242,TAAGGCGA-CGCGTAGT,2330489,2260382,70107,0,0.0038,0.9699,0.0301,0.0000
2,CGTACTAG-CGCGTAGT,GC3F-PE-8242,CGTACTAG-CGCGTAGT,2560768,2459236,101532,0,0.0042,0.9604,0.0396,0.0000
2,AGGCAGAA-CGCGTAGT,GC3F-PE-8242,AGGCAGAA-CGCGTAGT,2897348,2799307,98041,0,0.0047,0.9662,0.0338,0.0000
2,TCCTGAGC-CGCGTAGT,GC3F-PE-8242,TCCTGAGC-CGCGTAGT,2638359,2554305,84054,0,0.0043,0.9681,0.0319,0.0000
2,GGACTCCT-CGCGTAGT,GC3F-PE-8242,GGACTCCT-CGCGTAGT,2800662,2705437,95225,0,0.0046,0.9660,0.0340,0.0000
2,TAGGCATG-CGCGTAGT,GC3F-PE-8242,TAGGCATG-CGCGTAGT,2593746,2502179,91567,0,0.0042,0.9647,0.0353,0.0000
2,CTCTCTAC-CGCGTAGT,GC3F-PE-8242,CTCTCTAC-CGCGTAGT,2711422,2615991,95431,0,0.0044,0.9648,0.0352,0.0000
2,CAGAGAGG-CGCGTAGT,GC3F-PE-8242,CAGAGAGG-CGCGTAGT,2691096,2568318,122778,0,0.0044,0.9544,0.0456,0.0000
2,GCTACGCT-CGCGTAGT,GC3F-PE-8242,GCTACGCT-CGCGTAGT,2862087,2772202,89885,0,0.0047,0.9686,0.0314,0.0000
2,CGAGGCTG-CGCGTAGT,GC3F-PE-8242,CGAGGCTG-CGCGTAGT,2656452,2572012,84440,0,0.0043,0.9682,0.0318,0.0000
2,AAGAGGCA-CGCGTAGT,GC3F-PE-8242,AAGAGGCA-CGCGTAGT,2768505,2671255,97250,0,0.0045,0.9649,0.0351,0.0000
2,GTAGAGGA-CGCGTAGT,GC3F-PE-8242,GTAGAGGA-CGCGTAGT,2270786,2191940,78846,0,0.0037,0.9653,0.0347,0.0000
2,CATACGTA-GCGATCTA,GC3F-PE-8242,CATACGTA-GCGATCTA,900573,875712,24861,0,0.0015,0.9724,0.0276,0.0000
2,CATACGTA-ATAGAGAG,GC3F-PE-8242,CATACGTA-ATAGAGAG,2510204,2360090,150114,0,0.0041,0.9402,0.0598,0.0000
2,CATACGTA-AGAGGATA,GC3F-PE-8242,CATACGTA-AGAGGATA,2164250,2075378,88872,0,0.0035,0.9589,0.0411,0.0000
2,CATACGTA-TCTACTCT,GC3F-PE-8242,CATACGTA-TCTACTCT,3065024,2995131,69893,0,0.0050,0.9772,0.0228,0.0000
2,CATACGTA-CTCCTTAC,GC3F-PE-8242,CATACGTA-CTCCTTAC,2546432,2495579,50853,0,0.0041,0.9800,0.0200,0.0000
2,CATACGTA-TATGCAGT,GC3F-PE-8242,CATACGTA-TATGCAGT,2684172,2594021,90151,0,0.0044,0.9664,0.0336,0.0000
2,CATACGTA-TACTCCTT,GC3F-PE-8242,CATACGTA-TACTCCTT,2695308,2626714,68594,0,0.0044,0.9746,0.0254,0.0000
2,CATACGTA-AGGCTTAG,GC3F-PE-8242,CATACGTA-AGGCTTAG,3676254,3593214,83040,0,0.0060,0.9774,0.0226,0.0000
2,GAACACTG-ATAGAGAG,GC3F-PE-8242,GAACACTG-ATAGAGAG,2320060,2161482,158578,0,0.0038,0.9316,0.0684,0.0000
2,Undetermined,Undetermined,,65322014,65322014,0,0,0.1064,1.0000,0.0000,0.0000
