Lane,SampleID,Sample_Project,index,index2,ReadNumber,Yield,YieldQ30,QualityScoreSum,Mean Quality Score (PF),% Q30
1,TAAGGCGA-GCGATCTA,GC3F-PE-8242,TAAGGCGA,GCGATCTA,1,290214210,256450526,9366176414,32.27,0.88
1,CGTACTAG-GCGATCTA,GC3F-PE-8242,CGTACTAG,GCGATCTA,1,320909166,284368264,10366393542,32.30,0.89
1,AGGCAGAA-GCGATCTA,GC3F-PE-8242,AGGCAGAA,GCGATCTA,1,316457508,280732020,10232991110,32.34,0.89
1,TCCTGAGC-GCGATCTA,GC3F-PE-8242,TCCTGAGC,GCGATCTA,1,318152088,282573995,10293751662,32.35,0.89
1,GGACTCCT-GCGATCTA,GC3F-PE-8242,GGACTCCT,GCGATCTA,1,334752018,296845499,10818824078,32.32,0.89
1,TAGGCATG-GCGATCTA,GC3F-PE-8242,TAGGCATG,GCGATCTA,1,271976430,241507430,8796634398,32.34,0.89
1,CTCTCTAC-GCGATCTA,GC3F-PE-8242,CTCTCTAC,GCGATCTA,1,303236002,268786851,9801916830,32.32,0.89
1,CAGAGAGG-GCGATCTA,GC3F-PE-8242,CAGAGAGG,GCGATCTA,1,234107752,207942762,7574240226,32.35,0.89
1,GCTACGCT-GCGATCTA,GC3F-PE-8242,GCTACGCT,GCGATCTA,1,326076354,287656526,10509222512,32.23,0.88
1,CGAGGCTG-GCGATCTA,GC3F-PE-8242,CGAGGCTG,GCGATCTA,1,265470170,235128105,8577269340,32.31,0.89
1,AAGAGGCA-GCGATCTA,GC3F-PE-8242,AAGAGGCA,GCGATCTA,1,340919728,301418096,11003478178,32.28,0.88
1,GTAGAGGA-GCGATCTA,GC3F-PE-8242,GTAGAGGA,GCGATCTA,1,293548836,259978239,9483949746,32.31,0.89
1,TAAGGCGA-ATAGAGAG,GC3F-PE-8242,TAAGGCGA,ATAGAGAG,1,293661442,259355572,9470574714,32.25,0.88
1,CGTACTAG-ATAGAGAG,GC3F-PE-8242,CGTACTAG,ATAGAGAG,1,300794660,267018273,9726773212,32.34,0.89
1,AGGCAGAA-ATAGAGAG,GC3F-PE-8242,AGGCAGAA,ATAGAGAG,1,331777292,294522916,10727588130,32.33,0.89
1,TCCTGAGC-ATAGAGAG,GC3F-PE-8242,TCCTGAGC,ATAGAGAG,1,331972858,294961674,10741538994,32.36,0.89
1,GGACTCCT-ATAGAGAG,GC3F-PE-8242,GGACTCCT,ATAGAGAG,1,335913946,298364665,10865090174,32.34,0.89
1,TAGGCATG-ATAGAGAG,GC3F-PE-8242,TAGGCATG,ATAGAGAG,1,307131706,272735046,9932183384,32.34,0.89
1,CTCTCTAC-ATAGAGAG,GC3F-PE-8242,CTCTCTAC,ATAGAGAG,1,347312528,308159909,11229983436,32.33,0.89
1,CAGAGAGG-ATAGAGAG,GC3F-PE-8242,CAGAGAGG,ATAGAGAG,1,315633154,279599459,10194276456,32.30,0.89
1,GCTACGCT-ATAGAGAG,GC3F-PE-8242,GCTACGCT,ATAGAGAG,1,390178936,345099703,12594102974,32.28,0.88
1,CGAGGCTG-ATAGAGAG,GC3F-PE-8242,CGAGGCTG,ATAGAGAG,1,276842278,244581323,8928630110,32.25,0.88
1,AAGAGGCA-ATAGAGAG,GC3F-PE-8242,AAGAGGCA,ATAGAGAG,1,329737696,291724076,10640905434,32.27,0.88
1,GTAGAGGA-ATAGAGAG,GC3F-PE-8242,GTAGAGGA,ATAGAGAG,1,330422604,292134676,10661581090,32.27,0.88
1,TAAGGCGA-AGAGGATA,GC3F-PE-8242,TAAGGCGA,AGAGGATA,1,306024922,270361570,9872397552,32.26,0.88
1,CGTACTAG-AGAGGATA,GC3F-PE-8242,CGTACTAG,AGAGGATA,1,280116636,248560767,9056542292,32.33,0.89
1,AGGCAGAA-AGAGGATA,GC3F-PE-8242,AGGCAGAA,AGAGGATA,1,295699452,262621153,9564939250,32.35,0.89
1,TCCTGAGC-AGAGGATA,GC3F-PE-8242,TCCTGAGC,AGAGGATA,1,332557360,295057292,10752809750,32.33,0.89
1,GGACTCCT-AGAGGATA,GC3F-PE-8242,GGACTCCT,AGAGGATA,1,337141876,299491427,10906383166,32.35,0.89
1,TAGGCATG-AGAGGATA,GC3F-PE-8242,TAGGCATG,AGAGGATA,1,306610034,272226669,9914719342,32.34,0.89
1,CTCTCTAC-AGAGGATA,GC3F-PE-8242,CTCTCTAC,AGAGGATA,1,305346480,270900579,9873227226,32.33,0.89
1,CAGAGAGG-AGAGGATA,GC3F-PE-8242,CAGAGAGG,AGAGGATA,1,302621244,268188267,9776977834,32.31,0.89
1,GCTACGCT-AGAGGATA,GC3F-PE-8242,GCTACGCT,AGAGGATA,1,348035622,308118278,11239874458,32.30,0.89
1,CGAGGCTG-AGAGGATA,GC3F-PE-8242,CGAGGCTG,AGAGGATA,1,292765474,258646924,9443919244,32.26,0.88
1,AAGAGGCA-AGAGGATA,GC3F-PE-8242,AAGAGGCA,AGAGGATA,1,313349436,276079568,10089210652,32.20,0.88
1,GTAGAGGA-AGAGGATA,GC3F-PE-8242,GTAGAGGA,AGAGGATA,1,348018542,307712532,11229136450,32.27,0.88
1,TAAGGCGA-TCTACTCT,GC3F-PE-8242,TAAGGCGA,TCTACTCT,1,350817832,308769991,11299144752,32.21,0.88
1,CGTACTAG-TCTACTCT,GC3F-PE-8242,CGTACTAG,TCTACTCT,1,353768890,312090951,11406390322,32.24,0.88
1,AGGCAGAA-TCTACTCT,GC3F-PE-8242,AGGCAGAA,TCTACTCT,1,352992726,311862634,11389914968,32.27,0.88
1,TCCTGAGC-TCTACTCT,GC3F-PE-8242,TCCTGAGC,TCTACTCT,1,336545540,296904807,10852421430,32.25,0.88
1,GGACTCCT-TCTACTCT,GC3F-PE-8242,GGACTCCT,TCTACTCT,1,400134258,353070547,12900804352,32.24,0.88
1,TAGGCATG-TCTACTCT,GC3F-PE-8242,TAGGCATG,TCTACTCT,1,360374458,318523967,11629389438,32.27,0.88
1,CTCTCTAC-TCTACTCT,GC3F-PE-8242,CTCTCTAC,TCTACTCT,1,383298624,337996654,12357668160,32.24,0.88
1,CAGAGAGG-TCTACTCT,GC3F-PE-8242,CAGAGAGG,TCTACTCT,1,344994528,304467716,11124831948,32.25,0.88
1,GCTACGCT-TCTACTCT,GC3F-PE-8242,GCTACGCT,TCTACTCT,1,411854066,361253926,13236992192,32.14,0.88
1,CGAGGCTG-TCTACTCT,GC3F-PE-8242,CGAGGCTG,TCTACTCT,1,349463754,307753850,11257809088,32.21,0.88
1,AAGAGGCA-TCTACTCT,GC3F-PE-8242,AAGAGGCA,TCTACTCT,1,371642012,326760656,11958645650,32.18,0.88
1,GTAGAGGA-TCTACTCT,GC3F-PE-8242,GTAGAGGA,TCTACTCT,1,404770502,356058941,13029573556,32.19,0.88
1,TAAGGCGA-CTCCTTAC,GC3F-PE-8242,TAAGGCGA,CTCCTTAC,1,326625110,288252400,10531951570,32.24,0.88
1,CGTACTAG-CTCCTTAC,GC3F-PE-8242,CGTACTAG,CTCCTTAC,1,303686304,268627377,9802198814,32.28,0.88
1,AGGCAGAA-CTCCTTAC,GC3F-PE-8242,AGGCAGAA,CTCCTTAC,1,344194208,304718772,11118365398,32.30,0.89
1,TCCTGAGC-CTCCTTAC,GC3F-PE-8242,TCCTGAGC,CTCCTTAC,1,335217570,296686079,10827111962,32.30,0.89
1,GGACTCCT-CTCCTTAC,GC3F-PE-8242,GGACTCCT,CTCCTTAC,1,404029596,357870176,13050686264,32.30,0.89
1,TAGGCATG-CTCCTTAC,GC3F-PE-8242,TAGGCATG,CTCCTTAC,1,330390884,292770301,10675873492,32.31,0.89
1,CTCTCTAC-CTCCTTAC,GC3F-PE-8242,CTCTCTAC,CTCCTTAC,1,380963300,336864431,12298247554,32.28,0.88
1,CAGAGAGG-CTCCTTAC,GC3F-PE-8242,CAGAGAGG,CTCCTTAC,1,349166806,308071001,11253709998,32.23,0.88
1,GCTACGCT-CTCCTTAC,GC3F-PE-8242,GCTACGCT,CTCCTTAC,1,383175404,338602685,12364797626,32.27,0.88
1,CGAGGCTG-CTCCTTAC,GC3F-PE-8242,CGAGGCTG,CTCCTTAC,1,329982184,290627551,10626079612,32.20,0.88
1,AAGAGGCA-CTCCTTAC,GC3F-PE-8242,AAGAGGCA,CTCCTTAC,1,372668642,328616673,12008069358,32.22,0.88
1,GTAGAGGA-CTCCTTAC,GC3F-PE-8242,GTAGAGGA,CTCCTTAC,1,376798098,332462624,12146242554,32.24,0.88
1,TAAGGCGA-TATGCAGT,GC3F-PE-8242,TAAGGCGA,TATGCAGT,1,305915610,270412577,9873607490,32.28,0.88
1,CGTACTAG-TATGCAGT,GC3F-PE-8242,CGTACTAG,TATGCAGT,1,305224846,270669446,9865359624,32.32,0.89
1,AGGCAGAA-TATGCAGT,GC3F-PE-8242,AGGCAGAA,TATGCAGT,1,338573302,300207596,10946298226,32.33,0.89
1,TCCTGAGC-TATGCAGT,GC3F-PE-8242,TCCTGAGC,TATGCAGT,1,326568258,289662282,10560106140,32.34,0.89
1,GGACTCCT-TATGCAGT,GC3F-PE-8242,GGACTCCT,TATGCAGT,1,374246224,331764586,12096259520,32.32,0.89
1,TAGGCATG-TATGCAGT,GC3F-PE-8242,TAGGCATG,TATGCAGT,1,319227152,283493185,10326342006,32.35,0.89
1,CTCTCTAC-TATGCAGT,GC3F-PE-8242,CTCTCTAC,TATGCAGT,1,349563550,310069700,11303854126,32.34,0.89
1,CAGAGAGG-TATGCAGT,GC3F-PE-8242,CAGAGAGG,TATGCAGT,1,312268638,276738664,10089920288,32.31,0.89
1,GCTACGCT-TATGCAGT,GC3F-PE-8242,GCTACGCT,TATGCAGT,1,340331444,301161427,10991243714,32.30,0.88
1,CGAGGCTG-TATGCAGT,GC3F-PE-8242,CGAGGCTG,TATGCAGT,1,297082078,262890290,9593851410,32.29,0.88
1,AAGAGGCA-TATGCAGT,GC3F-PE-8242,AAGAGGCA,TATGCAGT,1,325779162,288163637,10517023732,32.28,0.88
1,GTAGAGGA-TATGCAGT,GC3F-PE-8242,GTAGAGGA,TATGCAGT,1,363313926,321203179,11723992838,32.27,0.88
1,TAAGGCGA-TACTCCTT,GC3F-PE-8242,TAAGGCGA,TACTCCTT,1,360270148,318159695,11621973094,32.26,0.88
1,CGTACTAG-TACTCCTT,GC3F-PE-8242,CGTACTAG,TACTCCTT,1,357040442,315675289,11520593750,32.27,0.88
1,AGGCAGAA-TACTCCTT,GC3F-PE-8242,AGGCAGAA,TACTCCTT,1,429241506,379714693,13859450934,32.29,0.88
1,TCCTGAGC-TACTCCTT,GC3F-PE-8242,TCCTGAGC,TACTCCTT,1,356371150,317225475,11539028014,32.38,0.89
1,GGACTCCT-TACTCCTT,GC3F-PE-8242,GGACTCCT,TACTCCTT,1,402037702,355941244,12984139450,32.30,0.89
1,TAGGCATG-TACTCCTT,GC3F-PE-8242,TAGGCATG,TACTCCTT,1,331593194,293831571,10714088464,32.31,0.89
1,CTCTCTAC-TACTCCTT,GC3F-PE-8242,CTCTCTAC,TACTCCTT,1,397799422,351941363,12846040418,32.29,0.88
1,CAGAGAGG-TACTCCTT,GC3F-PE-8242,CAGAGAGG,TACTCCTT,1,326385380,289233737,10545968362,32.31,0.89
1,GCTACGCT-TACTCCTT,GC3F-PE-8242,GCTACGCT,TACTCCTT,1,443247350,391623856,14301989500,32.27,0.88
1,CGAGGCTG-TACTCCTT,GC3F-PE-8242,CGAGGCTG,TACTCCTT,1,339732668,300004311,10957403244,32.25,0.88
1,AAGAGGCA-TACTCCTT,GC3F-PE-8242,AAGAGGCA,TACTCCTT,1,399145448,352417004,12870624348,32.25,0.88
1,GTAGAGGA-TACTCCTT,GC3F-PE-8242,GTAGAGGA,TACTCCTT,1,408614112,360212101,13164119144,32.22,0.88
1,TAAGGCGA-AGGCTTAG,GC3F-PE-8242,TAAGGCGA,AGGCTTAG,1,266278054,235361326,8594980322,32.28,0.88
1,CGTACTAG-AGGCTTAG,GC3F-PE-8242,CGTACTAG,AGGCTTAG,1,352295008,312407460,11387428094,32.32,0.89
1,AGGCAGAA-AGGCTTAG,GC3F-PE-8242,AGGCAGAA,AGGCTTAG,1,382338606,338317173,12347242662,32.29,0.88
1,TCCTGAGC-AGGCTTAG,GC3F-PE-8242,TCCTGAGC,AGGCTTAG,1,375734380,332991024,12145030214,32.32,0.89
1,GGACTCCT-AGGCTTAG,GC3F-PE-8242,GGACTCCT,AGGCTTAG,1,341253154,302480667,11028779028,32.32,0.89
1,TAGGCATG-AGGCTTAG,GC3F-PE-8242,TAGGCATG,AGGCTTAG,1,327510586,290481729,10586341118,32.32,0.89
1,CTCTCTAC-AGGCTTAG,GC3F-PE-8242,CTCTCTAC,AGGCTTAG,1,409875714,362681022,13237061042,32.30,0.88
1,CAGAGAGG-AGGCTTAG,GC3F-PE-8242,CAGAGAGG,AGGCTTAG,1,344077332,304998919,11120488882,32.32,0.89
1,GCTACGCT-AGGCTTAG,GC3F-PE-8242,GCTACGCT,AGGCTTAG,1,276443094,245061411,8936450132,32.33,0.89
1,CGAGGCTG-AGGCTTAG,GC3F-PE-8242,CGAGGCTG,AGGCTTAG,1,348558026,308179201,11250867306,32.28,0.88
1,AAGAGGCA-AGGCTTAG,GC3F-PE-8242,AAGAGGCA,AGGCTTAG,1,313782780,277605830,10132756938,32.29,0.88
1,GTAGAGGA-AGGCTTAG,GC3F-PE-8242,GTAGAGGA,AGGCTTAG,1,366433344,323938406,11826430444,32.27,0.88
1,TAAGGCGA-GCATGAGG,GC3F-PE-8242,TAAGGCGA,GCATGAGG,1,267590774,236282234,8631153614,32.26,0.88
1,CGTACTAG-GCATGAGG,GC3F-PE-8242,CGTACTAG,GCATGAGG,1,317755100,281841083,10272163884,32.33,0.89
1,AGGCAGAA-GCATGAGG,GC3F-PE-8242,AGGCAGAA,GCATGAGG,1,327338566,289985633,10575424002,32.31,0.89
1,TCCTGAGC-GCATGAGG,GC3F-PE-8242,TCCTGAGC,GCATGAGG,1,354209066,313825674,11442721028,32.30,0.89
1,GGACTCCT-GCATGAGG,GC3F-PE-8242,GGACTCCT,GCATGAGG,1,370258654,328625905,11969428576,32.33,0.89
1,TAGGCATG-GCATGAGG,GC3F-PE-8242,TAGGCATG,GCATGAGG,1,337941708,298727312,10893664654,32.24,0.88
1,CTCTCTAC-GCATGAGG,GC3F-PE-8242,CTCTCTAC,GCATGAGG,1,350700468,311120473,11337847226,32.33,0.89
1,CAGAGAGG-GCATGAGG,GC3F-PE-8242,CAGAGAGG,GCATGAGG,1,308547882,269360457,9879647870,32.02,0.87
1,GCTACGCT-GCATGAGG,GC3F-PE-8242,GCTACGCT,GCATGAGG,1,369359636,322153946,11825328120,32.02,0.87
1,CGAGGCTG-GCATGAGG,GC3F-PE-8242,CGAGGCTG,GCATGAGG,1,110653634,97867958,3569056706,32.25,0.88
1,AAGAGGCA-GCATGAGG,GC3F-PE-8242,AAGAGGCA,GCATGAGG,1,266348692,237177886,8623816750,32.38,0.89
1,GTAGAGGA-GCATGAGG,GC3F-PE-8242,GTAGAGGA,GCATGAGG,1,303464386,268389149,9795305908,32.28,0.88
1,TAAGGCGA-TTATCGAG,GC3F-PE-8242,TAAGGCGA,TTATCGAG,1,321088262,283005704,10347472204,32.23,0.88
1,CGTACTAG-TTATCGAG,GC3F-PE-8242,CGTACTAG,TTATCGAG,1,298292806,263871942,9630088748,32.28,0.88
1,AGGCAGAA-TTATCGAG,GC3F-PE-8242,AGGCAGAA,TTATCGAG,1,357149388,314791005,11505732832,32.22,0.88
1,TCCTGAGC-TTATCGAG,GC3F-PE-8242,TCCTGAGC,TTATCGAG,1,385373722,341272543,12450050908,32.31,0.89
1,GGACTCCT-TTATCGAG,GC3F-PE-8242,GGACTCCT,TTATCGAG,1,344072330,304724268,11112360660,32.30,0.89
1,TAGGCATG-TTATCGAG,GC3F-PE-8242,TAGGCATG,TTATCGAG,1,333204936,294456809,10744616456,32.25,0.88
1,CTCTCTAC-TTATCGAG,GC3F-PE-8242,CTCTCTAC,TTATCGAG,1,364686914,322820315,11777941574,32.30,0.89
1,CAGAGAGG-TTATCGAG,GC3F-PE-8242,CAGAGAGG,TTATCGAG,1,316569138,277016834,10153635160,32.07,0.88
1,GCTACGCT-TTATCGAG,GC3F-PE-8242,GCTACGCT,TTATCGAG,1,329811262,286487541,10535553228,31.94,0.87
1,CGAGGCTG-TTATCGAG,GC3F-PE-8242,CGAGGCTG,TTATCGAG,1,258119792,225518743,8273145806,32.05,0.87
1,AAGAGGCA-TTATCGAG,GC3F-PE-8242,AAGAGGCA,TTATCGAG,1,351511158,309600939,11319648468,32.20,0.88
1,GTAGAGGA-TTATCGAG,GC3F-PE-8242,GTAGAGGA,TTATCGAG,1,350187702,308798025,11285245188,32.23,0.88
1,TAAGGCGA-GATATTAA,GC3F-PE-8242,TAAGGCGA,GATATTAA,1,273248402,240323918,8793793328,32.18,0.88
1,CGTACTAG-GATATTAA,GC3F-PE-8242,CGTACTAG,GATATTAA,1,271028612,239944692,8752141078,32.29,0.89
1,AGGCAGAA-GATATTAA,GC3F-PE-8242,AGGCAGAA,GATATTAA,1,300849926,266363166,9716245142,32.30,0.89
1,TCCTGAGC-GATATTAA,GC3F-PE-8242,TCCTGAGC,GATATTAA,1,311726226,276563928,10078721078,32.33,0.89
1,GGACTCCT-GATATTAA,GC3F-PE-8242,GGACTCCT,GATATTAA,1,338528772,300224520,10939999796,32.32,0.89
1,TAGGCATG-GATATTAA,GC3F-PE-8242,TAGGCATG,GATATTAA,1,311922036,276271484,10069766456,32.28,0.89
1,CTCTCTAC-GATATTAA,GC3F-PE-8242,CTCTCTAC,GATATTAA,1,395988942,349837665,12771596696,32.25,0.88
1,CAGAGAGG-GATATTAA,GC3F-PE-8242,CAGAGAGG,GATATTAA,1,267227336,234662783,8586089726,32.13,0.88
1,GCTACGCT-GATATTAA,GC3F-PE-8242,GCTACGCT,GATATTAA,1,336990962,295328253,10819272278,32.11,0.88
1,CGAGGCTG-GATATTAA,GC3F-PE-8242,CGAGGCTG,GATATTAA,1,257341554,225678078,8262698424,32.11,0.88
1,AAGAGGCA-GATATTAA,GC3F-PE-8242,AAGAGGCA,GATATTAA,1,346212210,305881553,11165252640,32.25,0.88
1,GTAGAGGA-GATATTAA,GC3F-PE-8242,GTAGAGGA,GATATTAA,1,349382746,308932201,11273345692,32.27,0.88
1,TAAGGCGA-CCGATAGA,GC3F-PE-8242,TAAGGCGA,CCGATAGA,1,263423498,232609581,8498150454,32.26,0.88
1,CGTACTAG-CCGATAGA,GC3F-PE-8242,CGTACTAG,CCGATAGA,1,329442090,291316053,10633915746,32.28,0.88
1,AGGCAGAA-CCGATAGA,GC3F-PE-8242,AGGCAGAA,CCGATAGA,1,294267416,260753301,9508820656,32.31,0.89
1,TCCTGAGC-CCGATAGA,GC3F-PE-8242,TCCTGAGC,CCGATAGA,1,300042408,266060519,9699360656,32.33,0.89
1,GGACTCCT-CCGATAGA,GC3F-PE-8242,GGACTCCT,CCGATAGA,1,310789388,275508462,10042904460,32.31,0.89
1,TAGGCATG-CCGATAGA,GC3F-PE-8242,TAGGCATG,CCGATAGA,1,279394030,247447155,9019765582,32.28,0.89
1,CTCTCTAC-CCGATAGA,GC3F-PE-8242,CTCTCTAC,CCGATAGA,1,342967010,303188457,11066562012,32.27,0.88
1,CAGAGAGG-CCGATAGA,GC3F-PE-8242,CAGAGAGG,CCGATAGA,1,243007896,212392367,7787522900,32.05,0.87
1,GCTACGCT-CCGATAGA,GC3F-PE-8242,GCTACGCT,CCGATAGA,1,296942144,258513843,9496184666,31.98,0.87
1,CGAGGCTG-CCGATAGA,GC3F-PE-8242,CGAGGCTG,CCGATAGA,1,267964948,236534101,8641207938,32.25,0.88
1,AAGAGGCA-CCGATAGA,GC3F-PE-8242,AAGAGGCA,CCGATAGA,1,292007732,257854345,9415233678,32.24,0.88
1,GTAGAGGA-CCGATAGA,GC3F-PE-8242,GTAGAGGA,CCGATAGA,1,327856212,290016047,10582958202,32.28,0.88
1,TAAGGCGA-AAGAACTC,GC3F-PE-8242,TAAGGCGA,AAGAACTC,1,284204124,250595499,9162510266,32.24,0.88
1,CGTACTAG-AAGAACTC,GC3F-PE-8242,CGTACTAG,AAGAACTC,1,256424602,227103742,8284945008,32.31,0.89
1,AGGCAGAA-AAGAACTC,GC3F-PE-8242,AGGCAGAA,AAGAACTC,1,279498706,247310500,9025421242,32.29,0.88
1,TCCTGAGC-AAGAACTC,GC3F-PE-8242,TCCTGAGC,AAGAACTC,1,266572440,235960300,8609862150,32.30,0.89
1,GGACTCCT-AAGAACTC,GC3F-PE-8242,GGACTCCT,AAGAACTC,1,307077538,271696051,9912465306,32.28,0.88
1,TAGGCATG-AAGAACTC,GC3F-PE-8242,TAGGCATG,AAGAACTC,1,290070860,256446091,9357240782,32.26,0.88
1,CTCTCTAC-AAGAACTC,GC3F-PE-8242,CTCTCTAC,AAGAACTC,1,330972458,292385855,10676844968,32.26,0.88
1,CAGAGAGG-AAGAACTC,GC3F-PE-8242,CAGAGAGG,AAGAACTC,1,253928726,224300655,8188723114,32.25,0.88
1,GCTACGCT-AAGAACTC,GC3F-PE-8242,GCTACGCT,AAGAACTC,1,302971628,264678007,9709929184,32.05,0.87
1,CGAGGCTG-AAGAACTC,GC3F-PE-8242,CGAGGCTG,AAGAACTC,1,269261320,237826853,8687849040,32.27,0.88
1,AAGAGGCA-AAGAACTC,GC3F-PE-8242,AAGAGGCA,AAGAACTC,1,314646784,277614973,10144083372,32.24,0.88
1,GTAGAGGA-AAGAACTC,GC3F-PE-8242,GTAGAGGA,AAGAACTC,1,321671666,284333853,10381902142,32.27,0.88
1,TAAGGCGA-ATCTTAAC,GC3F-PE-8242,TAAGGCGA,ATCTTAAC,1,357724130,315016309,11523261642,32.21,0.88
1,CGTACTAG-ATCTTAAC,GC3F-PE-8242,CGTACTAG,ATCTTAAC,1,344350002,303661972,11097874082,32.23,0.88
1,AGGCAGAA-ATCTTAAC,GC3F-PE-8242,AGGCAGAA,ATCTTAAC,1,381365534,336597159,12296762188,32.24,0.88
1,TCCTGAGC-ATCTTAAC,GC3F-PE-8242,TCCTGAGC,ATCTTAAC,1,369008642,326297078,11911018894,32.28,0.88
1,GGACTCCT-ATCTTAAC,GC3F-PE-8242,GGACTCCT,ATCTTAAC,1,401704886,355050535,12958427632,32.26,0.88
1,TAGGCATG-ATCTTAAC,GC3F-PE-8242,TAGGCATG,ATCTTAAC,1,362108566,320539519,11688559836,32.28,0.89
1,CTCTCTAC-ATCTTAAC,GC3F-PE-8242,CTCTCTAC,ATCTTAAC,1,459317800,403883139,14779391214,32.18,0.88
1,CAGAGAGG-ATCTTAAC,GC3F-PE-8242,CAGAGAGG,ATCTTAAC,1,365249944,321181771,11747615422,32.16,0.88
1,GCTACGCT-ATCTTAAC,GC3F-PE-8242,GCTACGCT,ATCTTAAC,1,382895780,332084595,12225062134,31.93,0.87
1,CGAGGCTG-ATCTTAAC,GC3F-PE-8242,CGAGGCTG,ATCTTAAC,1,354341558,312565015,11421348056,32.23,0.88
1,AAGAGGCA-ATCTTAAC,GC3F-PE-8242,AAGAGGCA,ATCTTAAC,1,375076678,330627918,12083463318,32.22,0.88
1,GTAGAGGA-ATCTTAAC,GC3F-PE-8242,GTAGAGGA,ATCTTAAC,1,397962292,350187477,12809618012,32.19,0.88
1,TAAGGCGA-CAGAATAT,GC3F-PE-8242,TAAGGCGA,CAGAATAT,1,367051396,322895667,11816213728,32.19,0.88
1,CGTACTAG-CAGAATAT,GC3F-PE-8242,CGTACTAG,CAGAATAT,1,342576610,302270422,11045175308,32.24,0.88
1,AGGCAGAA-CAGAATAT,GC3F-PE-8242,AGGCAGAA,CAGAATAT,1,374819502,331047016,12090056956,32.26,0.88
1,TCCTGAGC-CAGAATAT,GC3F-PE-8242,TCCTGAGC,CAGAATAT,1,379427076,334324930,12222550220,32.21,0.88
1,GGACTCCT-CAGAATAT,GC3F-PE-8242,GGACTCCT,CAGAATAT,1,380026584,335987721,12261825290,32.27,0.88
1,TAGGCATG-CAGAATAT,GC3F-PE-8242,TAGGCATG,CAGAATAT,1,343775016,303608679,11083106344,32.24,0.88
1,CTCTCTAC-CAGAATAT,GC3F-PE-8242,CTCTCTAC,CAGAATAT,1,488000488,429115682,15700241538,32.17,0.88
1,CAGAGAGG-CAGAATAT,GC3F-PE-8242,CAGAGAGG,CAGAATAT,1,322956814,284494373,10399117732,32.20,0.88
1,GCTACGCT-CAGAATAT,GC3F-PE-8242,GCTACGCT,CAGAATAT,1,369077816,321569229,11810391206,32.00,0.87
1,CGAGGCTG-CAGAATAT,GC3F-PE-8242,CGAGGCTG,CAGAATAT,1,337050742,296858448,10856830054,32.21,0.88
1,AAGAGGCA-CAGAATAT,GC3F-PE-8242,AAGAGGCA,CAGAATAT,1,370228398,326371494,11927978796,32.22,0.88
1,GTAGAGGA-CAGAATAT,GC3F-PE-8242,GTAGAGGA,CAGAATAT,1,382679596,336996210,12323842606,32.20,0.88
1,TAAGGCGA-CGCGTAGT,GC3F-PE-8242,TAAGGCGA,CGCGTAGT,1,282857488,249287409,9118092438,32.24,0.88
1,CGTACTAG-CGCGTAGT,GC3F-PE-8242,CGTACTAG,CGCGTAGT,1,307954230,271814654,9933166102,32.26,0.88
1,AGGCAGAA-CGCGTAGT,GC3F-PE-8242,AGGCAGAA,CGCGTAGT,1,358144298,316233560,11554489574,32.26,0.88
1,TCCTGAGC-CGCGTAGT,GC3F-PE-8242,TCCTGAGC,CGCGTAGT,1,326398190,288548580,10536784506,32.28,0.88
1,GGACTCCT-CGCGTAGT,GC3F-PE-8242,GGACTCCT,CGCGTAGT,1,349550252,309288267,11286427022,32.29,0.88
1,TAGGCATG-CGCGTAGT,GC3F-PE-8242,TAGGCATG,CGCGTAGT,1,312715646,276277626,10086632082,32.25,0.88
1,CTCTCTAC-CGCGTAGT,GC3F-PE-8242,CTCTCTAC,CGCGTAGT,1,339407172,299956505,10955070888,32.28,0.88
1,CAGAGAGG-CGCGTAGT,GC3F-PE-8242,CAGAGAGG,CGCGTAGT,1,341877794,300247109,10988146060,32.14,0.88
1,GCTACGCT-CGCGTAGT,GC3F-PE-8242,GCTACGCT,CGCGTAGT,1,353919438,310822782,11379877682,32.15,0.88
1,CGAGGCTG-CGCGTAGT,GC3F-PE-8242,CGAGGCTG,CGCGTAGT,1,323171656,285428906,10427790360,32.27,0.88
1,AAGAGGCA-CGCGTAGT,GC3F-PE-8242,AAGAGGCA,CGCGTAGT,1,337947808,297877867,10892410596,32.23,0.88
1,GTAGAGGA-CGCGTAGT,GC3F-PE-8242,GTAGAGGA,CGCGTAGT,1,279499194,243889421,8952294222,32.03,0.87
1,CATACGTA-GCGATCTA,GC3F-PE-8242,CATACGTA,GCGATCTA,1,108505824,95515791,3491512432,32.18,0.88
1,CATACGTA-ATAGAGAG,GC3F-PE-8242,CATACGTA,ATAGAGAG,1,307958866,269945971,9883066938,32.09,0.88
1,CATACGTA-AGAGGATA,GC3F-PE-8242,CATACGTA,AGAGGATA,1,260701312,229743633,8393823362,32.20,0.88
1,CATACGTA-TCTACTCT,GC3F-PE-8242,CATACGTA,TCTACTCT,1,381516692,331880681,12196375122,31.97,0.87
1,CATACGTA-CTCCTTAC,GC3F-PE-8242,CATACGTA,CTCCTTAC,1,310016396,271183457,9939130720,32.06,0.87
1,CATACGTA-TATGCAGT,GC3F-PE-8242,CATACGTA,TATGCAGT,1,322756734,285725490,10423873066,32.30,0.89
1,CATACGTA-TACTCCTT,GC3F-PE-8242,CATACGTA,TACTCCTT,1,328030916,288045782,10541683144,32.14,0.88
1,CATACGTA-AGGCTTAG,GC3F-PE-8242,CATACGTA,AGGCTTAG,1,453239028,394730414,14490612492,31.97,0.87
1,GAACACTG-ATAGAGAG,GC3F-PE-8242,GAACACTG,ATAGAGAG,1,282394010,248254243,9077091008,32.14,0.88
1,Undetermined,Undetermined,,,1,7908862646,6749035116,249859807472,31.59,0.85
2,TAAGGCGA-GCGATCTA,GC3F-PE-8242,TAAGGCGA,GCGATCTA,1,294658914,257394629,9458957644,32.10,0.87
2,CGTACTAG-GCGATCTA,GC3F-PE-8242,CGTACTAG,GCGATCTA,1,328875644,287124356,10545013678,32.06,0.87
2,AGGCAGAA-GCGATCTA,GC3F-PE-8242,AGGCAGAA,GCGATCTA,1,318374494,278692177,10227378558,32.12,0.88
2,TCCTGAGC-GCGATCTA,GC3F-PE-8242,TCCTGAGC,GCGATCTA,1,324116180,283898983,10414887256,32.13,0.88
2,GGACTCCT-GCGATCTA,GC3F-PE-8242,GGACTCCT,GCGATCTA,1,338287822,296234190,10865152706,32.12,0.88
2,TAGGCATG-GCGATCTA,GC3F-PE-8242,TAGGCATG,GCGATCTA,1,279313876,244760996,8975749296,32.13,0.88
2,CTCTCTAC-GCGATCTA,GC3F-PE-8242,CTCTCTAC,GCGATCTA,1,305685152,267193441,9812784042,32.10,0.87
2,CAGAGAGG-GCGATCTA,GC3F-PE-8242,CAGAGAGG,GCGATCTA,1,237949410,208591819,7649460138,32.15,0.88
2,GCTACGCT-GCGATCTA,GC3F-PE-8242,GCTACGCT,GCGATCTA,1,324138262,282238765,10379463440,32.02,0.87
2,CGAGGCTG-GCGATCTA,GC3F-PE-8242,CGAGGCTG,GCGATCTA,1,272234704,237903539,8738347842,32.10,0.87
2,AAGAGGCA-GCGATCTA,GC3F-PE-8242,AAGAGGCA,GCGATCTA,1,348464330,304672629,11188577012,32.11,0.87
2,GTAGAGGA-GCGATCTA,GC3F-PE-8242,GTAGAGGA,GCGATCTA,1,297415626,260296742,9555935752,32.13,0.88
2,TAAGGCGA-ATAGAGAG,GC3F-PE-8242,TAAGGCGA,ATAGAGAG,1,299076290,261479005,9601820848,32.10,0.87
2,CGTACTAG-ATAGAGAG,GC3F-PE-8242,CGTACTAG,ATAGAGAG,1,309960642,271129281,9950162492,32.10,0.87
2,AGGCAGAA-ATAGAGAG,GC3F-PE-8242,AGGCAGAA,ATAGAGAG,1,338864882,296389959,10876111744,32.10,0.87
2,TCCTGAGC-ATAGAGAG,GC3F-PE-8242,TCCTGAGC,ATAGAGAG,1,332854186,291745053,10697535064,32.14,0.88
2,GGACTCCT-ATAGAGAG,GC3F-PE-8242,GGACTCCT,ATAGAGAG,1,341329648,299204302,10968862366,32.14,0.88
2,TAGGCATG-ATAGAGAG,GC3F-PE-8242,TAGGCATG,ATAGAGAG,1,315656822,276594007,10141727990,32.13,0.88
2,CTCTCTAC-ATAGAGAG,GC3F-PE-8242,CTCTCTAC,ATAGAGAG,1,348901090,305121213,11200280582,32.10,0.87
2,CAGAGAGG-ATAGAGAG,GC3F-PE-8242,CAGAGAGG,ATAGAGAG,1,321248326,280893301,10310024862,32.09,0.87
2,GCTACGCT-ATAGAGAG,GC3F-PE-8242,GCTACGCT,ATAGAGAG,1,379812596,331490990,12179713840,32.07,0.87
2,CGAGGCTG-ATAGAGAG,GC3F-PE-8242,CGAGGCTG,ATAGAGAG,1,281250992,245118693,9009582972,32.03,0.87
2,AAGAGGCA-ATAGAGAG,GC3F-PE-8242,AAGAGGCA,ATAGAGAG,1,338538532,296209665,10869843590,32.11,0.87
2,GTAGAGGA-ATAGAGAG,GC3F-PE-8242,GTAGAGGA,ATAGAGAG,1,336635576,294379020,10808438304,32.11,0.87
2,TAAGGCGA-AGAGGATA,GC3F-PE-8242,TAAGGCGA,AGAGGATA,1,310847948,271787288,9981230846,32.11,0.87
2,CGTACTAG-AGAGGATA,GC3F-PE-8242,CGTACTAG,AGAGGATA,1,287351114,251396908,9225399244,32.10,0.87
2,AGGCAGAA-AGAGGATA,GC3F-PE-8242,AGGCAGAA,AGAGGATA,1,298920862,261642764,9599573230,32.11,0.88
2,TCCTGAGC-AGAGGATA,GC3F-PE-8242,TCCTGAGC,AGAGGATA,1,337593764,295527391,10842834798,32.12,0.88
2,GGACTCCT-AGAGGATA,GC3F-PE-8242,GGACTCCT,AGAGGATA,1,342246112,300055510,11000170492,32.14,0.88
2,TAGGCATG-AGAGGATA,GC3F-PE-8242,TAGGCATG,AGAGGATA,1,313169974,274552175,10064019830,32.14,0.88
2,CTCTCTAC-AGAGGATA,GC3F-PE-8242,CTCTCTAC,AGAGGATA,1,307881518,269305125,9885158648,32.11,0.87
2,CAGAGAGG-AGAGGATA,GC3F-PE-8242,CAGAGAGG,AGAGGATA,1,306492060,268096436,9839256592,32.10,0.87
2,GCTACGCT-AGAGGATA,GC3F-PE-8242,GCTACGCT,AGAGGATA,1,347092928,303345360,11138782706,32.09,0.87
2,CGAGGCTG-AGAGGATA,GC3F-PE-8242,CGAGGCTG,AGAGGATA,1,298708094,260359265,9571601370,32.04,0.87
2,AAGAGGCA-AGAGGATA,GC3F-PE-8242,AAGAGGCA,AGAGGATA,1,313778022,273723623,10058361636,32.06,0.87
2,GTAGAGGA-AGAGGATA,GC3F-PE-8242,GTAGAGGA,AGAGGATA,1,349159120,305443933,11212104238,32.11,0.87
2,TAAGGCGA-TCTACTCT,GC3F-PE-8242,TAAGGCGA,TCTACTCT,1,347615576,302670050,11140834942,32.05,0.87
2,CGTACTAG-TCTACTCT,GC3F-PE-8242,CGTACTAG,TCTACTCT,1,353305046,307517565,11315256376,32.03,0.87
2,AGGCAGAA-TCTACTCT,GC3F-PE-8242,AGGCAGAA,TCTACTCT,1,350293354,305232568,11225202612,32.05,0.87
2,TCCTGAGC-TCTACTCT,GC3F-PE-8242,TCCTGAGC,TCTACTCT,1,332929338,289765804,10662954214,32.03,0.87
2,GGACTCCT-TCTACTCT,GC3F-PE-8242,GGACTCCT,TCTACTCT,1,395639900,344574864,12673183384,32.03,0.87
2,TAGGCATG-TCTACTCT,GC3F-PE-8242,TAGGCATG,TCTACTCT,1,361819670,315861064,11605414380,32.08,0.87
2,CTCTCTAC-TCTACTCT,GC3F-PE-8242,CTCTCTAC,TCTACTCT,1,376697082,327548311,12059273786,32.01,0.87
2,CAGAGAGG-TCTACTCT,GC3F-PE-8242,CAGAGAGG,TCTACTCT,1,339852228,296155773,10891525336,32.05,0.87
2,GCTACGCT-TCTACTCT,GC3F-PE-8242,GCTACGCT,TCTACTCT,1,405249962,351000015,12943144422,31.94,0.87
2,CGAGGCTG-TCTACTCT,GC3F-PE-8242,CGAGGCTG,TCTACTCT,1,343954112,299183355,11012830674,32.02,0.87
2,AAGAGGCA-TCTACTCT,GC3F-PE-8242,AAGAGGCA,TCTACTCT,1,372222000,324014295,11923461222,32.03,0.87
2,GTAGAGGA-TCTACTCT,GC3F-PE-8242,GTAGAGGA,TCTACTCT,1,398396368,346966722,12767870786,32.05,0.87
2,TAAGGCGA-CTCCTTAC,GC3F-PE-8242,TAAGGCGA,CTCCTTAC,1,327476670,285766439,10504805598,32.08,0.87
2,CGTACTAG-CTCCTTAC,GC3F-PE-8242,CGTACTAG,CTCCTTAC,1,311126962,271109073,9967298922,32.04,0.87
2,AGGCAGAA-CTCCTTAC,GC3F-PE-8242,AGGCAGAA,CTCCTTAC,1,338158624,295333352,10850256458,32.09,0.87
2,TCCTGAGC-CTCCTTAC,GC3F-PE-8242,TCCTGAGC,CTCCTTAC,1,338656872,295644797,10864145870,32.08,0.87
2,GGACTCCT-CTCCTTAC,GC3F-PE-8242,GGACTCCT,CTCCTTAC,1,402298172,351804951,12912834922,32.10,0.87
2,TAGGCATG-CTCCTTAC,GC3F-PE-8242,TAGGCATG,CTCCTTAC,1,337292912,295041390,10830309932,32.11,0.87
2,CTCTCTAC-CTCCTTAC,GC3F-PE-8242,CTCTCTAC,CTCCTTAC,1,382723028,333757213,12269474166,32.06,0.87
2,CAGAGAGG-CTCCTTAC,GC3F-PE-8242,CAGAGAGG,CTCCTTAC,1,345898914,301414651,11080296218,32.03,0.87
2,GCTACGCT-CTCCTTAC,GC3F-PE-8242,GCTACGCT,CTCCTTAC,1,371329814,324029416,11909117320,32.07,0.87
2,CGAGGCTG-CTCCTTAC,GC3F-PE-8242,CGAGGCTG,CTCCTTAC,1,330363312,287130625,10568183108,31.99,0.87
2,AAGAGGCA-CTCCTTAC,GC3F-PE-8242,AAGAGGCA,CTCCTTAC,1,373006826,325599233,11963992098,32.07,0.87
2,GTAGAGGA-CTCCTTAC,GC3F-PE-8242,GTAGAGGA,CTCCTTAC,1,378328954,330344137,12138801390,32.09,0.87
2,TAAGGCGA-TATGCAGT,GC3F-PE-8242,TAAGGCGA,TATGCAGT,1,308137230,269268338,9892838038,32.11,0.87
2,CGTACTAG-TATGCAGT,GC3F-PE-8242,CGTACTAG,TATGCAGT,1,312112478,272705165,10013749050,32.08,0.87
2,AGGCAGAA-TATGCAGT,GC3F-PE-8242,AGGCAGAA,TATGCAGT,1,340858850,298223619,10947914150,32.12,0.87
2,TCCTGAGC-TATGCAGT,GC3F-PE-8242,TCCTGAGC,TATGCAGT,1,324682016,284167764,10429901874,32.12,0.88
2,GGACTCCT-TATGCAGT,GC3F-PE-8242,GGACTCCT,TATGCAGT,1,367394948,321328963,11796141900,32.11,0.87
2,TAGGCATG-TATGCAGT,GC3F-PE-8242,TAGGCATG,TATGCAGT,1,327041374,286783365,10514097106,32.15,0.88
2,CTCTCTAC-TATGCAGT,GC3F-PE-8242,CTCTCTAC,TATGCAGT,1,348568152,304937096,11195095242,32.12,0.87
2,CAGAGAGG-TATGCAGT,GC3F-PE-8242,CAGAGAGG,TATGCAGT,1,314587980,275324018,10102529470,32.11,0.88
2,GCTACGCT-TATGCAGT,GC3F-PE-8242,GCTACGCT,TATGCAGT,1,329086094,287390144,10559688716,32.09,0.87
2,CGAGGCTG-TATGCAGT,GC3F-PE-8242,CGAGGCTG,TATGCAGT,1,300262740,262129664,9632136394,32.08,0.87
2,AAGAGGCA-TATGCAGT,GC3F-PE-8242,AAGAGGCA,TATGCAGT,1,328953236,287716955,10564182262,32.11,0.87
2,GTAGAGGA-TATGCAGT,GC3F-PE-8242,GTAGAGGA,TATGCAGT,1,363930026,318299113,11686606546,32.11,0.87
2,TAAGGCGA-TACTCCTT,GC3F-PE-8242,TAAGGCGA,TACTCCTT,1,364353122,318078690,11690998286,32.09,0.87
2,CGTACTAG-TACTCCTT,GC3F-PE-8242,CGTACTAG,TACTCCTT,1,363751906,316945101,11651366436,32.03,0.87
2,AGGCAGAA-TACTCCTT,GC3F-PE-8242,AGGCAGAA,TACTCCTT,1,423067696,369341694,13571087038,32.08,0.87
2,TCCTGAGC-TACTCCTT,GC3F-PE-8242,TCCTGAGC,TACTCCTT,1,375242232,328978366,12058644676,32.14,0.88
2,GGACTCCT-TACTCCTT,GC3F-PE-8242,GGACTCCT,TACTCCTT,1,401026688,350425837,12867893902,32.09,0.87
2,TAGGCATG-TACTCCTT,GC3F-PE-8242,TAGGCATG,TACTCCTT,1,338099576,295776986,10856152346,32.11,0.87
2,CTCTCTAC-TACTCCTT,GC3F-PE-8242,CTCTCTAC,TACTCCTT,1,401877272,350544906,12886427156,32.07,0.87
2,CAGAGAGG-TACTCCTT,GC3F-PE-8242,CAGAGAGG,TACTCCTT,1,328971780,287962237,10565933122,32.12,0.88
2,GCTACGCT-TACTCCTT,GC3F-PE-8242,GCTACGCT,TACTCCTT,1,429169038,374403316,13762175978,32.07,0.87
2,CGAGGCTG-TACTCCTT,GC3F-PE-8242,CGAGGCTG,TACTCCTT,1,343927394,299799163,11022041884,32.05,0.87
2,AAGAGGCA-TACTCCTT,GC3F-PE-8242,AAGAGGCA,TACTCCTT,1,402313422,351524198,12910939436,32.09,0.87
2,GTAGAGGA-TACTCCTT,GC3F-PE-8242,GTAGAGGA,TACTCCTT,1,407794516,355920021,13080110002,32.08,0.87
2,TAAGGCGA-AGGCTTAG,GC3F-PE-8242,TAAGGCGA,AGGCTTAG,1,272297412,237909427,8741845652,32.10,0.87
2,CGTACTAG-AGGCTTAG,GC3F-PE-8242,CGTACTAG,AGGCTTAG,1,359341850,314041985,11531551174,32.09,0.87
2,AGGCAGAA-AGGCTTAG,GC3F-PE-8242,AGGCAGAA,AGGCTTAG,1,384566082,335716933,12336168912,32.08,0.87
2,TCCTGAGC-AGGCTTAG,GC3F-PE-8242,TCCTGAGC,AGGCTTAG,1,372282024,325475823,11952909822,32.11,0.87
2,GGACTCCT-AGGCTTAG,GC3F-PE-8242,GGACTCCT,AGGCTTAG,1,338230604,295736639,10857949282,32.10,0.87
2,TAGGCATG-AGGCTTAG,GC3F-PE-8242,TAGGCATG,AGGCTTAG,1,334253526,292576534,10734864702,32.12,0.88
2,CTCTCTAC-AGGCTTAG,GC3F-PE-8242,CTCTCTAC,AGGCTTAG,1,407382644,355511583,13066087450,32.07,0.87
2,CAGAGAGG-AGGCTTAG,GC3F-PE-8242,CAGAGAGG,AGGCTTAG,1,342405932,299663145,10997792420,32.12,0.88
2,GCTACGCT-AGGCTTAG,GC3F-PE-8242,GCTACGCT,AGGCTTAG,1,263230372,230342834,8455945180,32.12,0.88
2,CGAGGCTG-AGGCTTAG,GC3F-PE-8242,CGAGGCTG,AGGCTTAG,1,352941730,308004483,11319319106,32.07,0.87
2,AAGAGGCA-AGGCTTAG,GC3F-PE-8242,AAGAGGCA,AGGCTTAG,1,319366964,279177977,10254844416,32.11,0.87
2,GTAGAGGA-AGGCTTAG,GC3F-PE-8242,GTAGAGGA,AGGCTTAG,1,368204052,321792055,11821043042,32.10,0.87
2,TAAGGCGA-GCATGAGG,GC3F-PE-8242,TAAGGCGA,GCATGAGG,1,273481544,238794533,8775992456,32.09,0.87
2,CGTACTAG-GCATGAGG,GC3F-PE-8242,CGTACTAG,GCATGAGG,1,326052076,285232856,10468244516,32.11,0.87
2,AGGCAGAA-GCATGAGG,GC3F-PE-8242,AGGCAGAA,GCATGAGG,1,330471282,288363526,10596334636,32.06,0.87
2,TCCTGAGC-GCATGAGG,GC3F-PE-8242,TCCTGAGC,GCATGAGG,1,356758988,311490574,11439912188,32.07,0.87
2,GGACTCCT-GCATGAGG,GC3F-PE-8242,GGACTCCT,GCATGAGG,1,374653582,328038662,12029825772,32.11,0.88
2,TAGGCATG-GCATGAGG,GC3F-PE-8242,TAGGCATG,GCATGAGG,1,339134502,295937274,10861351460,32.03,0.87
2,CTCTCTAC-GCATGAGG,GC3F-PE-8242,CTCTCTAC,GCATGAGG,1,352268900,307686413,11299995622,32.08,0.87
2,CAGAGAGG-GCATGAGG,GC3F-PE-8242,CAGAGAGG,GCATGAGG,1,307735240,263888999,9764986016,31.73,0.86
2,GCTACGCT-GCATGAGG,GC3F-PE-8242,GCTACGCT,GCATGAGG,1,355575588,304753599,11282914634,31.73,0.86
2,CGAGGCTG-GCATGAGG,GC3F-PE-8242,CGAGGCTG,GCATGAGG,1,122630130,106503884,3919994480,31.97,0.87
2,AAGAGGCA-GCATGAGG,GC3F-PE-8242,AAGAGGCA,GCATGAGG,1,298168244,262268051,9599556564,32.20,0.88
2,GTAGAGGA-GCATGAGG,GC3F-PE-8242,GTAGAGGA,GCATGAGG,1,309201802,270220293,9926177838,32.10,0.87
2,TAAGGCGA-TTATCGAG,GC3F-PE-8242,TAAGGCGA,TTATCGAG,1,327352108,285329730,10495640526,32.06,0.87
2,CGTACTAG-TTATCGAG,GC3F-PE-8242,CGTACTAG,TTATCGAG,1,305510448,266581620,9796048388,32.06,0.87
2,AGGCAGAA-TTATCGAG,GC3F-PE-8242,AGGCAGAA,TTATCGAG,1,354337532,307410556,11323675168,31.96,0.87
2,TCCTGAGC-TTATCGAG,GC3F-PE-8242,TCCTGAGC,TTATCGAG,1,386861878,337953605,12413486414,32.09,0.87
2,GGACTCCT-TTATCGAG,GC3F-PE-8242,GGACTCCT,TTATCGAG,1,344983426,301603374,11070238652,32.09,0.87
2,TAGGCATG-TTATCGAG,GC3F-PE-8242,TAGGCATG,TTATCGAG,1,337033540,293887490,10796348018,32.03,0.87
2,CTCTCTAC-TTATCGAG,GC3F-PE-8242,CTCTCTAC,TTATCGAG,1,364712046,318221005,11693697528,32.06,0.87
2,CAGAGAGG-TTATCGAG,GC3F-PE-8242,CAGAGAGG,TTATCGAG,1,313494860,269988384,9974796042,31.82,0.86
2,GCTACGCT-TTATCGAG,GC3F-PE-8242,GCTACGCT,TTATCGAG,1,316866330,270009508,10023295516,31.63,0.85
2,CGAGGCTG-TTATCGAG,GC3F-PE-8242,CGAGGCTG,TTATCGAG,1,258660618,222312149,8221524874,31.78,0.86
2,AAGAGGCA-TTATCGAG,GC3F-PE-8242,AAGAGGCA,TTATCGAG,1,356787780,311020725,11435987238,32.05,0.87
2,GTAGAGGA-TTATCGAG,GC3F-PE-8242,GTAGAGGA,TTATCGAG,1,352783496,307786047,11314835210,32.07,0.87
2,TAAGGCGA-GATATTAA,GC3F-PE-8242,TAAGGCGA,GATATTAA,1,279013024,242620569,8933352260,32.02,0.87
2,CGTACTAG-GATATTAA,GC3F-PE-8242,CGTACTAG,GATATTAA,1,279471744,243731671,8957476934,32.05,0.87
2,AGGCAGAA-GATATTAA,GC3F-PE-8242,AGGCAGAA,GATATTAA,1,303602612,264674230,9729691488,32.05,0.87
2,TCCTGAGC-GATATTAA,GC3F-PE-8242,TCCTGAGC,GATATTAA,1,315235556,275673601,10118928178,32.10,0.87
2,GGACTCCT-GATATTAA,GC3F-PE-8242,GGACTCCT,GATATTAA,1,340044744,297586626,10916511760,32.10,0.88
2,TAGGCATG-GATATTAA,GC3F-PE-8242,TAGGCATG,GATATTAA,1,316624648,276562776,10151530826,32.06,0.87
2,CTCTCTAC-GATATTAA,GC3F-PE-8242,CTCTCTAC,GATATTAA,1,395931724,344073980,12661972046,31.98,0.87
2,CAGAGAGG-GATATTAA,GC3F-PE-8242,CAGAGAGG,GATATTAA,1,269695640,233136071,8597426298,31.88,0.86
2,GCTACGCT-GATATTAA,GC3F-PE-8242,GCTACGCT,GATATTAA,1,334203872,288160291,10642408372,31.84,0.86
2,CGAGGCTG-GATATTAA,GC3F-PE-8242,CGAGGCTG,GATATTAA,1,259516936,223356511,8253543884,31.80,0.86
2,AAGAGGCA-GATATTAA,GC3F-PE-8242,AAGAGGCA,GATATTAA,1,354715122,309921075,11381732292,32.09,0.87
2,GTAGAGGA-GATATTAA,GC3F-PE-8242,GTAGAGGA,GATATTAA,1,353868076,309531578,11362817232,32.11,0.87
2,TAAGGCGA-CCGATAGA,GC3F-PE-8242,TAAGGCGA,CCGATAGA,1,267143644,232916620,8567402190,32.07,0.87
2,CGTACTAG-CCGATAGA,GC3F-PE-8242,CGTACTAG,CCGATAGA,1,338015762,294695322,10833847868,32.05,0.87
2,AGGCAGAA-CCGATAGA,GC3F-PE-8242,AGGCAGAA,CCGATAGA,1,297838844,260025478,9553575046,32.08,0.87
2,TCCTGAGC-CCGATAGA,GC3F-PE-8242,TCCTGAGC,CCGATAGA,1,303241614,265166272,9734891986,32.10,0.87
2,GGACTCCT-CCGATAGA,GC3F-PE-8242,GGACTCCT,CCGATAGA,1,314040444,274608055,10079460998,32.10,0.87
2,TAGGCATG-CCGATAGA,GC3F-PE-8242,TAGGCATG,CCGATAGA,1,284905136,248872805,9135152738,32.06,0.87
2,CTCTCTAC-CCGATAGA,GC3F-PE-8242,CTCTCTAC,CCGATAGA,1,341659902,297046181,10930853936,31.99,0.87
2,CAGAGAGG-CCGATAGA,GC3F-PE-8242,CAGAGAGG,CCGATAGA,1,243404762,208980591,7730434064,31.76,0.86
2,GCTACGCT-CCGATAGA,GC3F-PE-8242,GCTACGCT,CCGATAGA,1,293261770,249902159,9276526318,31.63,0.85
2,CGAGGCTG-CCGATAGA,GC3F-PE-8242,CGAGGCTG,CCGATAGA,1,271947760,236768189,8709731534,32.03,0.87
2,AAGAGGCA-CCGATAGA,GC3F-PE-8242,AAGAGGCA,CCGATAGA,1,300575304,262520945,9643214144,32.08,0.87
2,GTAGAGGA-CCGATAGA,GC3F-PE-8242,GTAGAGGA,CCGATAGA,1,335287354,293249864,10767290544,32.11,0.87
2,TAAGGCGA-AAGAACTC,GC3F-PE-8242,TAAGGCGA,AAGAACTC,1,284692856,248002610,9126486094,32.06,0.87
2,CGTACTAG-AAGAACTC,GC3F-PE-8242,CGTACTAG,AAGAACTC,1,261911430,228699277,8403109696,32.08,0.87
2,AGGCAGAA-AAGAACTC,GC3F-PE-8242,AGGCAGAA,AAGAACTC,1,275491616,240421718,8834990962,32.07,0.87
2,TCCTGAGC-AAGAACTC,GC3F-PE-8242,TCCTGAGC,AAGAACTC,1,268321432,234243219,8606681964,32.08,0.87
2,GGACTCCT-AAGAACTC,GC3F-PE-8242,GGACTCCT,AAGAACTC,1,309047716,269802116,9909688512,32.07,0.87
2,TAGGCATG-AAGAACTC,GC3F-PE-8242,TAGGCATG,AAGAACTC,1,292916876,255551948,9387393300,32.05,0.87
2,CTCTCTAC-AAGAACTC,GC3F-PE-8242,CTCTCTAC,AAGAACTC,1,328251370,285428930,10504112198,32.00,0.87
2,CAGAGAGG-AAGAACTC,GC3F-PE-8242,CAGAGAGG,AAGAACTC,1,252868180,220345911,8100023706,32.03,0.87
2,GCTACGCT-AAGAACTC,GC3F-PE-8242,GCTACGCT,AAGAACTC,1,289533816,248398516,9194878628,31.76,0.86
2,CGAGGCTG-AAGAACTC,GC3F-PE-8242,CGAGGCTG,AAGAACTC,1,271280298,236334089,8693716436,32.05,0.87
2,AAGAGGCA-AAGAACTC,GC3F-PE-8242,AAGAGGCA,AAGAACTC,1,315940228,275709130,10134256730,32.08,0.87
2,GTAGAGGA-AAGAACTC,GC3F-PE-8242,GTAGAGGA,AAGAACTC,1,321031410,280493711,10305789996,32.10,0.87
2,TAAGGCGA-ATCTTAAC,GC3F-PE-8242,TAAGGCGA,ATCTTAAC,1,359167512,312921133,11513721012,32.06,0.87
2,CGTACTAG-ATCTTAAC,GC3F-PE-8242,CGTACTAG,ATCTTAAC,1,351583138,305779851,11252408554,32.00,0.87
2,AGGCAGAA-ATCTTAAC,GC3F-PE-8242,AGGCAGAA,ATCTTAAC,1,373790920,325418846,11969721948,32.02,0.87
2,TCCTGAGC-ATCTTAAC,GC3F-PE-8242,TCCTGAGC,ATCTTAAC,1,368702178,321697362,11821169276,32.06,0.87
2,GGACTCCT-ATCTTAAC,GC3F-PE-8242,GGACTCCT,ATCTTAAC,1,396210738,345617167,12697367482,32.05,0.87
2,TAGGCATG-ATCTTAAC,GC3F-PE-8242,TAGGCATG,ATCTTAAC,1,368853580,322047471,11825734466,32.06,0.87
2,CTCTCTAC-ATCTTAAC,GC3F-PE-8242,CTCTCTAC,ATCTTAAC,1,454968012,393624877,14516375220,31.91,0.87
2,CAGAGAGG-ATCTTAAC,GC3F-PE-8242,CAGAGAGG,ATCTTAAC,1,362158220,313870546,11564422060,31.93,0.87
2,GCTACGCT-ATCTTAAC,GC3F-PE-8242,GCTACGCT,ATCTTAAC,1,362917670,309584145,11489965264,31.66,0.85
2,CGAGGCTG-ATCTTAAC,GC3F-PE-8242,CGAGGCTG,ATCTTAAC,1,358274350,311919476,11473540282,32.02,0.87
2,AAGAGGCA-ATCTTAAC,GC3F-PE-8242,AAGAGGCA,ATCTTAAC,1,376118070,328244154,12062266556,32.07,0.87
2,GTAGAGGA-ATCTTAAC,GC3F-PE-8242,GTAGAGGA,ATCTTAAC,1,401256536,349505807,12858030194,32.04,0.87
2,TAAGGCGA-CAGAATAT,GC3F-PE-8242,TAAGGCGA,CAGAATAT,1,369808840,321682429,11843871866,32.03,0.87
2,CGTACTAG-CAGAATAT,GC3F-PE-8242,CGTACTAG,CAGAATAT,1,348260712,302900232,11148056900,32.01,0.87
2,AGGCAGAA-CAGAATAT,GC3F-PE-8242,AGGCAGAA,CAGAATAT,1,368346914,320872326,11799227252,32.03,0.87
2,TCCTGAGC-CAGAATAT,GC3F-PE-8242,TCCTGAGC,CAGAATAT,1,373734556,324514130,11948981788,31.97,0.87
2,GGACTCCT-CAGAATAT,GC3F-PE-8242,GGACTCCT,CAGAATAT,1,370192652,322818030,11862687158,32.04,0.87
2,TAGGCATG-CAGAATAT,GC3F-PE-8242,TAGGCATG,CAGAATAT,1,348657822,303695460,11163684828,32.02,0.87
2,CTCTCTAC-CAGAATAT,GC3F-PE-8242,CTCTCTAC,CAGAATAT,1,477004506,412401062,15210990430,31.89,0.86
2,CAGAGAGG-CAGAATAT,GC3F-PE-8242,CAGAGAGG,CAGAATAT,1,323136032,280758661,10334195748,31.98,0.87
2,GCTACGCT-CAGAATAT,GC3F-PE-8242,GCTACGCT,CAGAATAT,1,348473968,297949548,11044917368,31.70,0.86
2,CGAGGCTG-CAGAATAT,GC3F-PE-8242,CGAGGCTG,CAGAATAT,1,340402814,295772904,10891326982,32.00,0.87
2,AAGAGGCA-CAGAATAT,GC3F-PE-8242,AAGAGGCA,CAGAATAT,1,372290076,324526603,11932143568,32.05,0.87
2,GTAGAGGA-CAGAATAT,GC3F-PE-8242,GTAGAGGA,CAGAATAT,1,379975588,331073619,12178476892,32.05,0.87
2,TAAGGCGA-CGCGTAGT,GC3F-PE-8242,TAAGGCGA,CGCGTAGT,1,284319658,247602916,9114203114,32.06,0.87
2,CGTACTAG-CGCGTAGT,GC3F-PE-8242,CGTACTAG,CGCGTAGT,1,312413696,271659604,10002405370,32.02,0.87
2,AGGCAGAA-CGCGTAGT,GC3F-PE-8242,AGGCAGAA,CGCGTAGT,1,353476456,307853302,11326482978,32.04,0.87
2,TCCTGAGC-CGCGTAGT,GC3F-PE-8242,TCCTGAGC,CGCGTAGT,1,321879798,280576506,10318392370,32.06,0.87
2,GGACTCCT-CGCGTAGT,GC3F-PE-8242,GGACTCCT,CGCGTAGT,1,341680764,298220444,10957948204,32.07,0.87
2,TAGGCATG-CGCGTAGT,GC3F-PE-8242,TAGGCATG,CGCGTAGT,1,316437012,275816612,10138982286,32.04,0.87
2,CTCTCTAC-CGCGTAGT,GC3F-PE-8242,CTCTCTAC,CGCGTAGT,1,330793484,288056505,10598525688,32.04,0.87
2,CAGAGAGG-CGCGTAGT,GC3F-PE-8242,CAGAGAGG,CGCGTAGT,1,328313712,283605521,10465286118,31.88,0.86
2,GCTACGCT-CGCGTAGT,GC3F-PE-8242,GCTACGCT,CGCGTAGT,1,349174614,301800432,11138178318,31.90,0.86
2,CGAGGCTG-CGCGTAGT,GC3F-PE-8242,CGAGGCTG,CGCGTAGT,1,324087144,282403983,10388405518,32.05,0.87
2,AAGAGGCA-CGCGTAGT,GC3F-PE-8242,AAGAGGCA,CGCGTAGT,1,337757610,294281921,10827627126,32.06,0.87
2,GTAGAGGA-CGCGTAGT,GC3F-PE-8242,GTAGAGGA,CGCGTAGT,1,277035892,239830573,8846410276,31.93,0.87
2,CATACGTA-GCGATCTA,GC3F-PE-8242,CATACGTA,GCGATCTA,1,109869906,95675651,3517870576,32.02,0.87
2,CATACGTA-ATAGAGAG,GC3F-PE-8242,CATACGTA,ATAGAGAG,1,306244888,265810722,9784917766,31.95,0.87
2,CATACGTA-AGAGGATA,GC3F-PE-8242,CATACGTA,AGAGGATA,1,264038500,230265301,8460488000,32.04,0.87
2,CATACGTA-TCTACTCT,GC3F-PE-8242,CATACGTA,TCTACTCT,1,373932928,322468474,11909052282,31.85,0.86
2,CATACGTA-CTCCTTAC,GC3F-PE-8242,CATACGTA,CTCCTTAC,1,310664704,269267978,9919535426,31.93,0.87
2,CATACGTA-TATGCAGT,GC3F-PE-8242,CATACGTA,TATGCAGT,1,327468984,286453727,10516565840,32.11,0.87
2,CATACGTA-TACTCCTT,GC3F-PE-8242,CATACGTA,TACTCCTT,1,328827576,285866684,10519459638,31.99,0.87
2,CATACGTA-AGGCTTAG,GC3F-PE-8242,CATACGTA,AGGCTTAG,1,448502988,387420880,14288826024,31.86,0.86
2,GAACACTG-ATAGAGAG,GC3F-PE-8242,GAACACTG,ATAGAGAG,1,283047320,246144646,9052495258,31.98,0.87
2,Undetermined,Undetermined,,,1,7969285708,6896445108,254489597254,31.93,0.87
