Lane,index,index2,# Reads,% of Unknown Barcodes,% of All Reads
1,GGGGGGGG,AGATCTCG,41645921,0.642419,0.068095
1,GGGGGGGG,GCATGAGG,465474,0.007180,0.000761
1,GGGGGGGG,AGATCTGG,215570,0.003325,0.000352
1,CGGGGGGG,GCATGAGG,134789,0.002079,0.000220
1,GGGGGGGG,TACTCCTT,111316,0.001717,0.000182
1,CTCTCTAC,GGGGGGGG,107407,0.001657,0.000176
1,GGGGGGGG,ATCTTAAC,106868,0.001649,0.000175
1,GGGGGGGG,TCTACTCT,106460,0.001642,0.000174
1,CCCCCCCC,CCCCCCCC,106130,0.001637,0.000174
1,GGGGGGGG,CTCCTTAC,104154,0.001607,0.000170
1,GGGGGGGG,CAGAATAT,102078,0.001575,0.000167
1,GGACTCCT,GGGGGGGG,102037,0.001574,0.000167
1,AAGAGGCA,GGGGGGGG,100999,0.001558,0.000165
1,NGGGNGGN,AGATCTCG,100540,0.001551,0.000164
1,GTAGAGGA,GGGGGGGG,98389,0.001518,0.000161
1,GCTACGCT,GGGGGGGG,98324,0.001517,0.000161
1,CCCCCCCC,AAAAAAAA,97314,0.001501,0.000159
1,GGGGGGGG,ATAGAGAG,96684,0.001491,0.000158
1,AGGCAGAA,GGGGGGGG,96392,0.001487,0.000158
1,GGGGGGGG,TTATCGAG,96320,0.001486,0.000157
1,TCCTGAGC,GGGGGGGG,96088,0.001482,0.000157
1,GGGGGGGG,AGGCTTAG,95707,0.001476,0.000156
1,TAGGCATG,GGGGGGGG,92189,0.001422,0.000151
1,GGGGGGGG,TATGCAGT,92067,0.001420,0.000151
1,CCCCCCCA,AAAAAAAA,91473,0.001411,0.000150
1,GGGGGGGG,AGAGGATA,91351,0.001409,0.000149
1,TAAGGCGA,GGGGGGGG,89366,0.001379,0.000146
1,GGGGGGGG,AGTTCTCG,88383,0.001363,0.000145
1,GGGGGGGG,CGCGTAGT,87152,0.001344,0.000143
1,CAGAGAGG,GGGGGGGG,86786,0.001339,0.000142
1,GGGGGGGG,GCGATCTA,84406,0.001302,0.000138
1,CGAGGCTG,GGGGGGGG,84333,0.001301,0.000138
1,CGTACTAG,GGGGGGGG,84280,0.001300,0.000138
1,GGGGGGGG,AAGAACTC,83835,0.001293,0.000137
1,GGGGGGGG,GATATTAA,81851,0.001263,0.000134
1,GGGGGGGG,CCGATAGA,80530,0.001242,0.000132
1,CAGAGGCC,GCATGAGG,74965,0.001156,0.000123
1,GGCGGGGG,GCATGAGG,71232,0.001099,0.000116
1,CCCCCCCC,CCCCCACC,65498,0.001010,0.000107
1,CGGGGGTG,GCATGAGG,60284,0.000930,0.000099
1,AAAAAAAA,AAAAAAAA,55089,0.000850,0.000090
1,GGGGGGGG,CGATCTCG,53688,0.000828,0.000088
1,CGCGGGTG,GCATGAGG,53413,0.000824,0.000087
1,CGGGGGGG,AGATCTCG,53271,0.000822,0.000087
1,CAGAGGGA,GCATGAGG,49487,0.000763,0.000081
1,GGAGGGGG,GCATGAGG,43613,0.000673,0.000071
1,CGCGGGGG,GCATGAGG,43275,0.000668,0.000071
1,GGGGGGTG,GCATGAGG,43250,0.000667,0.000071
1,CATACGTA,GGGGGGGG,42667,0.000658,0.000070
1,GGCGGCGG,GCATGAGG,37872,0.000584,0.000062
1,GGGGGGGG,AGATCACG,35862,0.000553,0.000059
1,GGAGGGTG,GCATGAGG,33923,0.000523,0.000055
1,CGCGGCGG,GCATGAGG,33764,0.000521,0.000055
1,GGGGGGGG,AGATCTAG,33475,0.000516,0.000055
1,GGAGGCGG,GCATGAGG,33328,0.000514,0.000054
1,GGGGGGGG,GGGGGGGG,28567,0.000441,0.000047
1,TCGTGAGG,TACTCCTT,28402,0.000438,0.000046
1,CGAGGGGG,GCATGAGG,27241,0.000420,0.000045
1,GGGGGGGG,AGAACTCG,26708,0.000412,0.000044
1,GGGGGCGG,GCATGAGG,24568,0.000379,0.000040
1,CAGAGGGC,GCATGAGG,23777,0.000367,0.000039
1,GCCTGAGG,TACTCCTT,22668,0.000350,0.000037
1,CGGGGGGG,TACTCCTT,22294,0.000344,0.000036
1,GGGCCCCC,CCCCCCCC,22277,0.000344,0.000036
1,CGGGGGGG,AGGCTTAG,22089,0.000341,0.000036
1,CGGGGGGG,TCTACTCT,22034,0.000340,0.000036
1,CCGAGGCA,GCATGAGG,21500,0.000332,0.000035
1,CGGGGGGG,ATCTTAAC,21493,0.000332,0.000035
1,CGGGGGGG,CTCCTTAC,21199,0.000327,0.000035
1,GCCTGCGC,TACTCCTT,20484,0.000316,0.000033
1,CGGGGGGG,CAGAATAT,20157,0.000311,0.000033
1,CGGGGGGG,TATGCAGT,19227,0.000297,0.000031
1,GGGGGGGG,GCCTGAGG,19100,0.000295,0.000031
1,CGGGGGGG,AGAGGATA,18208,0.000281,0.000030
1,CGGGGGGG,ATAGAGAG,18071,0.000279,0.000030
1,GGGGGGGG,ACATCTCG,17580,0.000271,0.000029
1,CGGGGGGG,TTATCGAG,17392,0.000268,0.000028
1,GGGGCGGG,AGATCTCG,17280,0.000267,0.000028
1,CGGGGGGG,CGCGTAGT,17021,0.000263,0.000028
1,TCCGGCGC,TACTCCTT,16894,0.000261,0.000028
1,GGCGGGTG,GCATGAGG,16663,0.000257,0.000027
1,GGGGGCGG,AGATCTCG,16524,0.000255,0.000027
1,CGGGGGGG,AAGAACTC,16118,0.000249,0.000026
1,GGCGGCTG,GCATGAGG,16059,0.000248,0.000026
1,GGGGGGGG,AGATGTCG,15927,0.000246,0.000026
1,CGGGGCGG,GCATGAGG,15915,0.000246,0.000026
1,CGGGGGGG,GCGATCTA,15863,0.000245,0.000026
1,AAGAGGCA,CCGATTGT,15783,0.000243,0.000026
1,AGGCAGAA,CCGATTGT,15569,0.000240,0.000025
1,CGGGGGGG,GATATTAA,15080,0.000233,0.000025
1,GGCGGGGG,AGATCTCG,14870,0.000229,0.000024
1,CGGGGGGG,CCGATAGA,14547,0.000224,0.000024
1,AAGAGGCA,ATAGTGTG,13920,0.000215,0.000023
1,GGGGGCTG,GCATGAGG,13317,0.000205,0.000022
1,AGGCAGAA,ATAGTGTG,13172,0.000203,0.000022
1,TCCTGCGG,TACTCCTT,13029,0.000201,0.000021
1,TCGTGCGC,TACTCCTT,12427,0.000192,0.000020
1,GGGGGGCG,AGATCTCG,12378,0.000191,0.000020
1,CTCTCTAC,CCGATTGT,12206,0.000188,0.000020
1,GGGGGGGG,ATATCTCG,12183,0.000188,0.000020
1,GGGCGGGG,AGATCTCG,12068,0.000186,0.000020
1,GGGGGGGC,AGATCTCG,12067,0.000186,0.000020
1,TAGGCATG,CCGATTGT,12010,0.000185,0.000020
1,CAGAGGCG,GCATGAGG,11880,0.000183,0.000019
1,GGGGGGGG,GATATTAC,11690,0.000180,0.000019
1,CGGAGGCA,GCATGAGG,11678,0.000180,0.000019
1,TAAGGCGA,CCGATTGT,11642,0.000180,0.000019
1,GTAGAGGA,CCGATTGT,11620,0.000179,0.000019
1,TCCTGAGC,CCGATTGT,11335,0.000175,0.000019
1,GGACTCCT,CCGATTGT,11247,0.000173,0.000018
1,CCGAGGCC,GCATGAGG,11206,0.000173,0.000018
1,AAGAGGGC,GCATGAGG,10972,0.000169,0.000018
1,CAGTGGCA,GCATGAGG,10583,0.000163,0.000017
1,TAGGCATG,ATAGTGTG,10272,0.000158,0.000017
1,CGGGGGGG,GCCTGAGG,9985,0.000154,0.000016
1,GGGGGGGG,AGATCTCC,9820,0.000151,0.000016
1,GCGTGAGG,TACTCCTT,9780,0.000151,0.000016
1,GCGGGGGG,AGATCTCG,9415,0.000145,0.000015
1,AAGAGGCA,GATTTTAC,9296,0.000143,0.000015
1,GCCTGCGG,TACTCCTT,9276,0.000143,0.000015
1,GCCGGCGC,TACTCCTT,9250,0.000143,0.000015
1,AAGTGGGA,GCATGAGG,9245,0.000143,0.000015
1,CGGAGGCC,GCATGAGG,8998,0.000139,0.000015
1,CTCTCTAC,ATAGTGTG,8840,0.000136,0.000014
1,CAGGGGGA,GCATGAGG,8746,0.000135,0.000014
1,GGACTCCT,ATAGTGTG,8637,0.000133,0.000014
1,CAGGGGGC,GCATGAGG,8435,0.000130,0.000014
1,TCCTGAGC,ATAGTGTG,8237,0.000127,0.000013
1,CAGTGGCC,GCATGAGG,8045,0.000124,0.000013
1,CAGAGGCC,GCCTGAGG,8002,0.000123,0.000013
1,CGTACTAG,CCGATTGT,7993,0.000123,0.000013
1,TAAGGCGA,ATAGTGTG,7886,0.000122,0.000013
1,GGGGGGGG,AGATATCG,7808,0.000120,0.000013
1,GTAGAGGA,ATAGTGTG,7790,0.000120,0.000013
1,CGAGGCTG,CCGATTGT,7616,0.000117,0.000012
1,CATACGTA,ATAGTGTG,7587,0.000117,0.000012
1,NTCTNTAN,CAGAATAT,7582,0.000117,0.000012
1,GCTACGCT,CCGATTGT,7579,0.000117,0.000012
1,CGTACTGA,TCTACTCT,7524,0.000116,0.000012
1,GCTACGCT,ATAGTGTG,7505,0.000116,0.000012
1,CGTACTGA,TACTCCTT,7470,0.000115,0.000012
1,CGTACTGA,AGGCTTAG,7450,0.000115,0.000012
1,TGGGGGGG,AGATCTCG,7388,0.000114,0.000012
1,AGGCAGAA,GATTTTAC,7379,0.000114,0.000012
1,CGGGGGGC,GCATGAGG,7374,0.000114,0.000012
1,AAGAGGCA,GTTATTAC,7354,0.000113,0.000012
1,GGGGGGGG,AGAGCTCG,7343,0.000113,0.000012
1,AAGAGGCA,CCGCTTGA,7341,0.000113,0.000012
1,CATACGTA,ATCTTAAC,7313,0.000113,0.000012
1,CGTACTGA,ATCTTAAC,7127,0.000110,0.000012
1,CAGGGGGG,GCATGAGG,7060,0.000109,0.000012
1,CGGAGGCG,GCATGAGG,7021,0.000108,0.000011
1,NCTANGCN,TACTCCTT,6998,0.000108,0.000011
1,GAACACTG,ATAGTGTG,6992,0.000108,0.000011
1,CGTACTGA,CAGAATAT,6983,0.000108,0.000011
1,NGGCNGAN,TACTCCTT,6953,0.000107,0.000011
1,NTCTNTAN,ATCTTAAC,6949,0.000107,0.000011
1,GCGTGAGC,TACTCCTT,6865,0.000106,0.000011
1,NATANGTN,AGGCTTAG,6791,0.000105,0.000011
1,CAGGGGCA,GCATGAGG,6762,0.000104,0.000011
1,AGGCAGAA,CCGCTTGA,6750,0.000104,0.000011
1,GGGGGGTG,AGATCTCG,6734,0.000104,0.000011
1,NTAGNGGN,TCTACTCT,6618,0.000102,0.000011
1,CGTACTGA,CCGATAGA,6594,0.000102,0.000011
1,CGTACTGA,TTATCGAG,6553,0.000101,0.000011
1,NAGANGCN,TACTCCTT,6482,0.000100,0.000011
1,CGTACTGA,CTCCTTAC,6462,0.000100,0.000011
1,NGACNCCN,ATCTTAAC,6447,0.000099,0.000011
1,NTCTNTAN,AGGCTTAG,6445,0.000099,0.000011
1,CGTACTGA,GCGATCTA,6423,0.000099,0.000011
1,GGGGGGGG,AGATCTCT,6419,0.000099,0.000010
1,GCCGGCGG,TACTCCTT,6417,0.000099,0.000010
1,CATACGTA,TTATCGAG,6415,0.000099,0.000010
1,CGTACTGA,CGCGTAGT,6405,0.000099,0.000010
1,NTAGNGGN,ATCTTAAC,6404,0.000099,0.000010
1,NTAGNGGN,TACTCCTT,6388,0.000099,0.000010
1,CGTACTGA,TATGCAGT,6386,0.000099,0.000010
1,NTAGNGGN,CAGAATAT,6382,0.000098,0.000010
1,NGACNCCN,CAGAATAT,6379,0.000098,0.000010
1,GTAGAGGA,GATTTTAC,6341,0.000098,0.000010
1,NGACNCCN,TACTCCTT,6324,0.000098,0.000010
1,CATACGTA,CAGAATAT,6316,0.000097,0.000010
1,NGGCNGAN,CAGAATAT,6279,0.000097,0.000010
1,CTCTCTAC,CGGGGGGG,6265,0.000097,0.000010
1,GGCTGAGC,TACTCCTT,6259,0.000097,0.000010
1,NAGANGCN,ATCTTAAC,6257,0.000097,0.000010
1,NAGANGCN,CAGAATAT,6246,0.000096,0.000010
1,NGGCNGAN,AGGCTTAG,6226,0.000096,0.000010
1,NGACNCCN,CTCCTTAC,6223,0.000096,0.000010
1,NTCTNTAN,TACTCCTT,6222,0.000096,0.000010
1,NGGCNGAN,ATCTTAAC,6194,0.000096,0.000010
1,NTCTNTAN,GATATTAA,6183,0.000095,0.000010
1,NAAGNCGN,CAGAATAT,6148,0.000095,0.000010
1,CGTACTGA,ATAGAGAG,6144,0.000095,0.000010
1,NCTANGCN,TCTACTCT,6128,0.000095,0.000010
1,CGTACTGA,GCATGAGG,6123,0.000094,0.000010
1,CTCTCTAC,GATTTTAC,6099,0.000094,0.000010
1,NCCTNAGN,CAGAATAT,6091,0.000094,0.000010
1,NGACNCCN,TCTACTCT,6071,0.000094,0.000010
1,NAGANGCN,CTCCTTAC,6069,0.000094,0.000010
1,GACTCCTA,CTCCTTAC,6049,0.000093,0.000010
1,NGACNCCN,TATGCAGT,6038,0.000093,0.000010
1,AGGCAGAA,GTTATTAC,6038,0.000093,0.000010
1,NCCTNAGN,TACTCCTT,6009,0.000093,0.000010
1,NAGANGCN,TCTACTCT,5999,0.000093,0.000010
1,NCTANGCN,CTCCTTAC,5988,0.000092,0.000010
1,NTAGNGGN,AGGCTTAG,5982,0.000092,0.000010
1,NAGANAGN,ATCTTAAC,5966,0.000092,0.000010
1,NTAGNGGN,TATGCAGT,5959,0.000092,0.000010
1,NAAGNCGN,ATCTTAAC,5946,0.000092,0.000010
1,NAGGNATN,ATCTTAAC,5900,0.000091,0.000010
1,NCCTNAGN,TTATCGAG,5897,0.000091,0.000010
1,NTAGNGGN,CTCCTTAC,5889,0.000091,0.000010
1,NCCTNAGN,AGGCTTAG,5872,0.000091,0.000010
1,NCCTNAGN,ATCTTAAC,5866,0.000090,0.000010
1,NGGCNGAN,CGCGTAGT,5841,0.000090,0.000010
1,NGGGNGGN,GGGGGGGG,5833,0.000090,0.000010
1,CGTACTAG,ATAGTGTG,5800,0.000089,0.000009
1,NCTANGCN,ATCTTAAC,5797,0.000089,0.000009
1,NGAGNCTN,ATCTTAAC,5785,0.000089,0.000009
1,NCTANGCN,CAGAATAT,5774,0.000089,0.000009
1,NTAGNGGN,GATATTAA,5773,0.000089,0.000009
1,GACTCCTA,TACTCCTT,5759,0.000089,0.000009
1,NCTANGCN,ATAGAGAG,5757,0.000089,0.000009
1,NTCTNTAN,TCTACTCT,5753,0.000089,0.000009
1,GGACTCCT,GATTTTAC,5742,0.000089,0.000009
1,NGTANTAN,CAGAATAT,5736,0.000088,0.000009
1,NAGANGCN,GATATTAA,5734,0.000088,0.000009
1,NGGCNGAN,TCTACTCT,5731,0.000088,0.000009
1,NTCTNTAN,CTCCTTAC,5725,0.000088,0.000009
1,AAGAGGCA,CGGGGGGG,5717,0.000088,0.000009
1,NGGCNGAN,TTATCGAG,5712,0.000088,0.000009
1,NAGGNATN,TCTACTCT,5705,0.000088,0.000009
1,CGTACTGA,AGAGGATA,5672,0.000087,0.000009
1,NAAGNCGN,TCTACTCT,5669,0.000087,0.000009
1,NTCTNTAN,TATGCAGT,5668,0.000087,0.000009
1,NGTANTAN,TACTCCTT,5668,0.000087,0.000009
1,NAAGNCGN,TACTCCTT,5663,0.000087,0.000009
1,GACTCCTA,TCTACTCT,5606,0.000086,0.000009
1,TAGGCATG,GATTTTAC,5604,0.000086,0.000009
1,NATANGTN,TCTACTCT,5592,0.000086,0.000009
1,NGTANTAN,AGGCTTAG,5588,0.000086,0.000009
1,GACTCCTA,ATCTTAAC,5577,0.000086,0.000009
1,NAGANAGN,AGGCTTAG,5575,0.000086,0.000009
1,NAGANAGN,TCTACTCT,5572,0.000086,0.000009
1,NGGCNGAN,TATGCAGT,5570,0.000086,0.000009
1,NTCTNTAN,TTATCGAG,5569,0.000086,0.000009
1,NGGCNGAN,CTCCTTAC,5569,0.000086,0.000009
1,NGTANTAN,ATCTTAAC,5565,0.000086,0.000009
1,NAGANGCN,TTATCGAG,5561,0.000086,0.000009
1,GGACTCCT,CTCCTACG,5540,0.000085,0.000009
1,NAGANGCN,CGCGTAGT,5539,0.000085,0.000009
1,NGAGNCTN,CAGAATAT,5526,0.000085,0.000009
1,NAGANAGN,CGCGTAGT,5522,0.000085,0.000009
1,NAGGNATN,CAGAATAT,5520,0.000085,0.000009
1,GGACTCCT,CGGGGGGG,5520,0.000085,0.000009
1,NGAGNCTN,AGGCTTAG,5518,0.000085,0.000009
1,CAGTGGGA,GCATGAGG,5506,0.000085,0.000009
1,NCTANGCN,TATGCAGT,5500,0.000085,0.000009
1,NGACNCCN,GATATTAA,5491,0.000085,0.000009
1,NTCTNTAN,CGCGTAGT,5481,0.000085,0.000009
1,NGTANTAN,TCTACTCT,5465,0.000084,0.000009
1,NAGANAGN,CTCCTTAC,5447,0.000084,0.000009
1,AGGCAGAA,CGGGGGGG,5434,0.000084,0.000009
1,CATACGTA,CGCGTAGT,5431,0.000084,0.000009
1,NGACNCCN,CGCGTAGT,5427,0.000084,0.000009
1,TCCTGAGC,GATTTTAC,5415,0.000084,0.000009
1,NAGANGCN,GCGATCTA,5403,0.000083,0.000009
1,NTCTNTAN,ATAGAGAG,5398,0.000083,0.000009
1,NTAGNGGN,TTATCGAG,5384,0.000083,0.000009
1,NTCTNTAN,CCGATAGA,5377,0.000083,0.000009
1,NGACNCCN,AGGCTTAG,5375,0.000083,0.000009
1,NAGANGCN,TATGCAGT,5369,0.000083,0.000009
1,NGAGNCTN,TCTACTCT,5361,0.000083,0.000009
1,NTAGNGGN,CCGATAGA,5359,0.000083,0.000009
1,CAGGGGCC,GCATGAGG,5358,0.000083,0.000009
1,NCTANGCN,GATATTAA,5350,0.000083,0.000009
1,CATACGTA,AAGAACTC,5348,0.000082,0.000009
1,NATANGTN,TATGCAGT,5335,0.000082,0.000009
1,NAGGNATN,AGGCTTAG,5330,0.000082,0.000009
1,GCTACGCT,GATTTTAC,5326,0.000082,0.000009
1,NCTANGCN,CGCGTAGT,5316,0.000082,0.000009
1,NAGGNATN,TACTCCTT,5309,0.000082,0.000009
1,NGTANTAN,CCGATAGA,5297,0.000082,0.000009
1,GTAGAGGA,CGGGGGGG,5295,0.000082,0.000009
1,NCCTNAGN,TATGCAGT,5285,0.000082,0.000009
1,GACTCCTA,CAGAATAT,5285,0.000082,0.000009
1,GACTCCTA,TATGCAGT,5268,0.000081,0.000009
1,NGAGNCTN,TACTCCTT,5267,0.000081,0.000009
1,NCCTNAGN,TCTACTCT,5261,0.000081,0.000009
1,NAGANAGN,CAGAATAT,5260,0.000081,0.000009
1,TAGGCATG,CGGGGGGG,5257,0.000081,0.000009
1,NTAGNGGN,AGAGGATA,5250,0.000081,0.000009
1,NAGGNATN,TATGCAGT,5245,0.000081,0.000009
1,GACTCCTA,GCATGAGG,5244,0.000081,0.000009
1,NAGANAGN,TACTCCTT,5235,0.000081,0.000009
1,CGTACTGA,AAGAACTC,5231,0.000081,0.000009
1,NGGCNGAN,ATAGAGAG,5227,0.000081,0.000009
1,GTAGAGGA,CCGCTTGA,5204,0.000080,0.000009
1,GACTCCTA,TTATCGAG,5202,0.000080,0.000009
1,GGGGGGGG,GCATGTGG,5195,0.000080,0.000008
1,GCTACGCT,CGGGGGGG,5184,0.000080,0.000008
1,NGACNCCN,TTATCGAG,5183,0.000080,0.000008
1,NGGCNGAN,GCGATCTA,5180,0.000080,0.000008
1,NCCTNAGN,CTCCTTAC,5175,0.000080,0.000008
1,NAGANGCN,GCATGAGG,5164,0.000080,0.000008
1,NAGANGCN,AGGCTTAG,5162,0.000080,0.000008
1,CATACGTA,GATATTAA,5159,0.000080,0.000008
1,NGACNCCN,GCATGAGG,5158,0.000080,0.000008
1,NCTANGCN,AGAGGATA,5152,0.000079,0.000008
1,TCCTGAGC,CGGGGGGG,5151,0.000079,0.000008
1,CATACGTA,CCGATAGA,5143,0.000079,0.000008
1,NGAGNCTN,CGCGTAGT,5140,0.000079,0.000008
1,NAGGNATN,CTCCTTAC,5139,0.000079,0.000008
1,CGTACTGA,GATATTAA,5136,0.000079,0.000008
1,NAGANGCN,ATAGAGAG,5133,0.000079,0.000008
1,TAAGGCGA,GATTTTAC,5122,0.000079,0.000008
1,NAGANAGN,TATGCAGT,5121,0.000079,0.000008
1,NTAGNGGN,AAGAACTC,5108,0.000079,0.000008
1,NAAGNCGN,CTCCTTAC,5100,0.000079,0.000008
1,NCCTNAGN,GCATGAGG,5098,0.000079,0.000008
1,NCCTNAGN,CGCGTAGT,5093,0.000079,0.000008
1,NGACNCCN,GCGATCTA,5091,0.000079,0.000008
1,NAAGNCGN,TATGCAGT,5085,0.000078,0.000008
1,NCCTNAGN,ATAGAGAG,5082,0.000078,0.000008
1,NGGCNGAN,GATATTAA,5077,0.000078,0.000008
1,NAGANGCN,AAGAACTC,5071,0.000078,0.000008
1,CGAGGCTG,CGGGGGGG,5063,0.000078,0.000008
1,NAGGNATN,GATATTAA,5062,0.000078,0.000008
1,NCCTNAGN,GCGATCTA,5052,0.000078,0.000008
1,NGTANTAN,GCGATCTA,5039,0.000078,0.000008
1,NCCTNAGN,CCGATAGA,5035,0.000078,0.000008
1,GGGGGGGG,AGTTCTGG,5034,0.000078,0.000008
1,GCTACGCT,AGAGATAG,5034,0.000078,0.000008
1,NAGGNATN,TTATCGAG,5007,0.000077,0.000008
1,NGACNCCN,ATAGAGAG,4998,0.000077,0.000008
1,TAGAGGGA,GCATGAGG,4998,0.000077,0.000008
1,NAAGNCGN,TTATCGAG,4997,0.000077,0.000008
1,CAGAGAGG,CCGATTGT,4993,0.000077,0.000008
1,CTCTCTAC,CCGCTTGA,4992,0.000077,0.000008
1,GACTCCTA,AGAGGATA,4982,0.000077,0.000008
1,NATANGTN,TACTCCTT,4968,0.000077,0.000008
1,NTAGNGGN,ATAGAGAG,4959,0.000076,0.000008
1,CATACGTA,GCATGAGG,4956,0.000076,0.000008
1,NGTANTAN,TATGCAGT,4952,0.000076,0.000008
1,TCCGGAGG,TACTCCTT,4948,0.000076,0.000008
1,NCCTNAGN,GATATTAA,4944,0.000076,0.000008
1,NGGCNGAN,GCATGAGG,4938,0.000076,0.000008
1,NGAGNCTN,CTCCTTAC,4937,0.000076,0.000008
1,NTCTNTAN,GCATGAGG,4931,0.000076,0.000008
1,NGACNCCN,CCGATAGA,4915,0.000076,0.000008
1,TCCTGAGC,AGAGATAG,4914,0.000076,0.000008
1,GGGGGGGG,AGCTCTCG,4911,0.000076,0.000008
1,NGTANTAN,CGCGTAGT,4904,0.000076,0.000008
1,NGACNCCN,AGAGGATA,4904,0.000076,0.000008
1,TAGCATGA,ATCTTAAC,4899,0.000076,0.000008
1,TAAGGCGA,CGGGGGGG,4894,0.000075,0.000008
1,GTAGAGGA,CTCCTACG,4883,0.000075,0.000008
1,GTGGGGGG,AGATCTCG,4874,0.000075,0.000008
1,NCCTNAGN,AGAGGATA,4872,0.000075,0.000008
1,GGACTCCT,AGAGATAG,4869,0.000075,0.000008
1,CTCTCTAC,CTCCTACG,4859,0.000075,0.000008
1,NGGCNGAN,CCGATAGA,4858,0.000075,0.000008
1,NCTANGCN,GCGATCTA,4854,0.000075,0.000008
1,GTAGAGGA,GTTATTAC,4848,0.000075,0.000008
1,GACTCCTA,ATAGAGAG,4847,0.000075,0.000008
1,NAGGNATN,CGCGTAGT,4840,0.000075,0.000008
1,CAGAGAGG,CGGGGGGG,4832,0.000075,0.000008
1,NAGANAGN,ATAGAGAG,4825,0.000074,0.000008
1,AAGTGGCC,GCATGAGG,4812,0.000074,0.000008
1,AAGAGGCA,CTCCTACG,4802,0.000074,0.000008
1,NTCTNTAN,AAGAACTC,4797,0.000074,0.000008
1,GCTACGCT,CTCCTACG,4790,0.000074,0.000008
1,NAGANGCN,AGAGGATA,4783,0.000074,0.000008
1,NAAGNCGN,AGAGGATA,4781,0.000074,0.000008
1,NCTANGCN,GCATGAGG,4773,0.000074,0.000008
1,NAGANGCN,CCGATAGA,4773,0.000074,0.000008
1,CGGAGGGG,GCATGAGG,4752,0.000073,0.000008
1,TAGCATGA,TCTACTCT,4747,0.000073,0.000008
1,GACTCCTA,AGGCTTAG,4745,0.000073,0.000008
1,NGACNCCN,AAGAACTC,4738,0.000073,0.000008
1,CAGAGAGG,ATAGTGTG,4737,0.000073,0.000008
1,NGTANTAN,CTCCTTAC,4736,0.000073,0.000008
1,NGTANTAN,GCATGAGG,4730,0.000073,0.000008
1,CGAGGCTG,ATAGTGTG,4728,0.000073,0.000008
1,GACTCCTA,CGCGTAGT,4721,0.000073,0.000008
1,TAGCATGA,CAGAATAT,4720,0.000073,0.000008
1,CTCTCTAC,AGGGGGGG,4718,0.000073,0.000008
1,TCCTGAGC,CCGCTTGA,4715,0.000073,0.000008
1,CGTCTAGA,TACTCCTT,4702,0.000073,0.000008
1,NTAGNGGN,GCGATCTA,4694,0.000072,0.000008
1,NGGCNGAN,AGAGGATA,4680,0.000072,0.000008
1,TAGCATGA,GCATGAGG,4676,0.000072,0.000008
1,NTCTNTAN,GCGATCTA,4667,0.000072,0.000008
1,NGAGNCTN,TATGCAGT,4656,0.000072,0.000008
1,AGCAGAAA,TACTCCTT,4656,0.000072,0.000008
1,TAGCATGA,TTATCGAG,4652,0.000072,0.000008
1,NAGGNATN,ATAGAGAG,4641,0.000072,0.000008
1,NCTANGCN,AGGCTTAG,4634,0.000071,0.000008
1,CATACTAA,AGGCTTAG,4623,0.000071,0.000008
1,NAGGNATN,AGAGGATA,4622,0.000071,0.000008
1,NAAGNCGN,CGCGTAGT,4618,0.000071,0.000008
1,GTAGAGGA,AGAGATAG,4603,0.000071,0.000008
1,NGTANTAN,ATAGAGAG,4573,0.000071,0.000007
1,NAGANAGN,AGAGGATA,4573,0.000071,0.000007
1,NGTANTAN,TTATCGAG,4571,0.000071,0.000007
1,CGTACTAG,CGGGGGGG,4568,0.000070,0.000007
1,TGCTGAGG,TACTCCTT,4566,0.000070,0.000007
1,NAGANAGN,TTATCGAG,4564,0.000070,0.000007
1,NAGGNATN,GCATGAGG,4562,0.000070,0.000007
1,NAGGNATN,AAGAACTC,4555,0.000070,0.000007
1,NAAGNCGN,GCGATCTA,4551,0.000070,0.000007
1,NGGCNGAN,AAGAACTC,4550,0.000070,0.000007
1,NAAGNCGN,AAGAACTC,4546,0.000070,0.000007
1,CGTCTAGA,ATCTTAAC,4544,0.000070,0.000007
1,NCTANGCN,TTATCGAG,4542,0.000070,0.000007
1,NAAGNCGN,ATAGAGAG,4538,0.000070,0.000007
1,TAAGGCGA,CCGCTTGA,4535,0.000070,0.000007
1,NTAGNGGN,GCATGAGG,4533,0.000070,0.000007
1,NATANGTN,CTCCTTAC,4529,0.000070,0.000007
1,CAGAGAGG,CTCCTACG,4527,0.000070,0.000007
1,NGTANTAN,GATATTAA,4514,0.000070,0.000007
1,GACTCCTA,GATATTAA,4502,0.000069,0.000007
1,AAGGGGGA,GCATGAGG,4474,0.000069,0.000007
1,NATANGTN,ATAGAGAG,4457,0.000069,0.000007
1,CGTCTAGA,TCTACTCT,4452,0.000069,0.000007
1,NAAGNCGN,GATATTAA,4449,0.000069,0.000007
1,NCTANGCN,AAGAACTC,4445,0.000069,0.000007
1,GACTCCTA,AAGAACTC,4426,0.000068,0.000007
1,AGCAGAAA,AGGCTTAG,4425,0.000068,0.000007
1,GTAGAGGA,AGGGGGGG,4424,0.000068,0.000007
1,NTCTNTAN,AGAGGATA,4422,0.000068,0.000007
1,AAGAGGCA,AGAGATAG,4398,0.000068,0.000007
1,GGGGGGGG,AGATCGCG,4378,0.000068,0.000007
1,NAGGNATN,CCGATAGA,4375,0.000067,0.000007
1,NAAGNCGN,CCGATAGA,4368,0.000067,0.000007
1,NAGANAGN,GATATTAA,4367,0.000067,0.000007
1,TAAGGCGA,AGAGATAG,4365,0.000067,0.000007
1,NAAGNCGN,AGGCTTAG,4360,0.000067,0.000007
1,AGGCAGAA,CTCCTACG,4350,0.000067,0.000007
1,AGGCAGAA,GCCGGAGG,4348,0.000067,0.000007
1,CGTCTAGA,AGGCTTAG,4346,0.000067,0.000007
1,CGTCTAGA,CAGAATAT,4344,0.000067,0.000007
1,NAGGNATN,GCGATCTA,4336,0.000067,0.000007
1,GGACTCCT,GTTATTAC,4331,0.000067,0.000007
1,TAGCATGA,CTCCTTAC,4323,0.000067,0.000007
1,CGAGGCTG,CTCCTACG,4323,0.000067,0.000007
1,NGAGNCTN,AAGAACTC,4319,0.000067,0.000007
1,GGACTCCT,AGGGGGGG,4318,0.000067,0.000007
1,CAGAGAGG,AGAGATAG,4316,0.000067,0.000007
1,CGAGGCTG,AGAGATAG,4315,0.000067,0.000007
1,NTAGNGGN,CGCGTAGT,4301,0.000066,0.000007
1,TCCTGAGC,CTCCTACG,4298,0.000066,0.000007
1,TCGTGGGC,TACTCCTT,4296,0.000066,0.000007
1,TAGGCATG,GTTATTAC,4294,0.000066,0.000007
1,NCTANGCN,CCGATAGA,4291,0.000066,0.000007
1,GGACTCCT,CCGCTTGA,4285,0.000066,0.000007
1,GGCAGAAA,TACTCCTT,4282,0.000066,0.000007
1,CGGGGGCG,GCATGAGG,4278,0.000066,0.000007
1,GGGGGGGG,CCGATTGA,4273,0.000066,0.000007
1,TAGCATGA,AGGCTTAG,4269,0.000066,0.000007
1,TAGCATGA,TACTCCTT,4260,0.000066,0.000007
1,TCCTGAGC,AGGGGGGG,4244,0.000065,0.000007
1,CGTCTAGA,CCGATAGA,4231,0.000065,0.000007
1,AGCAGAAA,ATCTTAAC,4225,0.000065,0.000007
1,CAGAGGCT,GCATGAGG,4223,0.000065,0.000007
1,TAGGCATG,AGAGATAG,4217,0.000065,0.000007
1,TCCTGAGC,GTTATTAC,4213,0.000065,0.000007
1,CTCTCTAC,GTTATTAC,4208,0.000065,0.000007
1,AAGAGGCA,AGGGGGGG,4207,0.000065,0.000007
1,TAGGCATG,CTCCTACG,4197,0.000065,0.000007
1,NGAGNCTN,AGAGGATA,4187,0.000065,0.000007
1,NAGANAGN,GCATGAGG,4184,0.000065,0.000007
1,AGAGGCAA,TACTCCTT,4171,0.000064,0.000007
1,CTCTCTAC,AGAGATAG,4167,0.000064,0.000007
1,NGTANTAN,AAGAACTC,4163,0.000064,0.000007
1,TAGCATGA,TATGCAGT,4157,0.000064,0.000007
1,NGAGNCTN,CCGATAGA,4156,0.000064,0.000007
1,GACTCCTA,CCGATAGA,4153,0.000064,0.000007
1,AGAGGCAA,ATCTTAAC,4140,0.000064,0.000007
1,NGAGNCTN,ATAGAGAG,4137,0.000064,0.000007
1,CGAGGCTG,AGGGGGGG,4130,0.000064,0.000007
1,NGTANTAN,AGAGGATA,4127,0.000064,0.000007
1,NGGGNGGN,AGATCTAG,4125,0.000064,0.000007
1,NCCTNAGN,AAGAACTC,4121,0.000064,0.000007
1,NGAGNCTN,GCGATCTA,4119,0.000064,0.000007
1,AGGCAGAA,AGGGGGGG,4118,0.000064,0.000007
1,TCGTGCGG,TACTCCTT,4115,0.000063,0.000007
1,AGCAGAAA,TTATCGAG,4110,0.000063,0.000007
1,TAAGGCGA,CTCCTACG,4108,0.000063,0.000007
1,AGAGGCAA,CTCCTTAC,4078,0.000063,0.000007
1,GGCGGCGG,TACTCCTT,4076,0.000063,0.000007
1,CAGTGGGC,GCATGAGG,4067,0.000063,0.000007
1,TAGCATGA,AGAGGATA,4063,0.000063,0.000007
1,TAAGGCGA,GTTATTAC,4063,0.000063,0.000007
1,NAACNCTN,ATAGAGAG,4044,0.000062,0.000007
1,CGTCTAGA,CTCCTTAC,4038,0.000062,0.000007
1,TAGCATGA,ATAGAGAG,4030,0.000062,0.000007
1,TAGCATGA,CGCGTAGT,4026,0.000062,0.000007
1,TAGGCATG,AGGGGGGG,4024,0.000062,0.000007
1,CGGGGGCC,GCATGAGG,4024,0.000062,0.000007
1,GGGGGGGG,AGATCAGG,4014,0.000062,0.000007
1,CCGAGGGC,GCATGAGG,4014,0.000062,0.000007
1,AGAGGCAA,TCTACTCT,4013,0.000062,0.000007
1,TAGGCATG,CCGCTTGA,4001,0.000062,0.000007
1,NAAGNCGN,GCATGAGG,3996,0.000062,0.000007
1,CTCTCTAC,CAGATATG,3992,0.000062,0.000007
1,CATACGTA,CTCCTACG,3983,0.000061,0.000007
1,TAGGGGGA,GCATGAGG,3964,0.000061,0.000006
1,CGTCTAGA,TTATCGAG,3960,0.000061,0.000006
1,CGTCTAGA,TATGCAGT,3940,0.000061,0.000006
1,CAGAGAGG,AGGGGGGG,3940,0.000061,0.000006
1,NATANGTN,AGAGGATA,3925,0.000061,0.000006
1,TAGCATGA,AAGAACTC,3911,0.000060,0.000006
1,NAGANAGN,AAGAACTC,3906,0.000060,0.000006
1,GGGGGGGG,ATAGAGTG,3905,0.000060,0.000006
1,AGCAGAAA,CAGAATAT,3902,0.000060,0.000006
1,GCGTGCGG,TACTCCTT,3893,0.000060,0.000006
1,TAGCATGA,GATATTAA,3880,0.000060,0.000006
1,AGAGGCAA,CAGAATAT,3874,0.000060,0.000006
1,CGTGGGTG,GCATGAGG,3869,0.000060,0.000006
1,CGTCTAGA,CGCGTAGT,3859,0.000060,0.000006
1,AGCAGAAA,TCTACTCT,3855,0.000059,0.000006
1,GCTACGCT,AGGGGGGG,3848,0.000059,0.000006
1,NGAGNCTN,GATATTAA,3846,0.000059,0.000006
1,GGCGGGGG,GCCTGAGG,3844,0.000059,0.000006
1,AGCAGAAA,CGCGTAGT,3843,0.000059,0.000006
1,CGGAGTGG,GCATGAGG,3840,0.000059,0.000006
1,CGTCTAGA,GCATGAGG,3833,0.000059,0.000006
1,GGCAGAAA,AGGCTTAG,3832,0.000059,0.000006
1,AGGCAGAA,AGAGATAG,3821,0.000059,0.000006
1,CGTACTAG,AGAGATAG,3818,0.000059,0.000006
1,CCGAGGCG,GCATGAGG,3797,0.000059,0.000006
1,TAAGGCGA,AGGGGGGG,3796,0.000059,0.000006
1,AAGAGGCA,CCGCTAGT,3795,0.000059,0.000006
1,NAGANAGN,CCGATAGA,3771,0.000058,0.000006
1,GCCGGAGC,TACTCCTT,3770,0.000058,0.000006
1,CGTCTAGA,ATAGAGAG,3754,0.000058,0.000006
1,CGTACTAG,CTCCTACG,3733,0.000058,0.000006
1,NAGANAGN,GCGATCTA,3728,0.000058,0.000006
1,NGAGNCTN,TTATCGAG,3724,0.000057,0.000006
1,GGGGGTGG,AGATCTCG,3720,0.000057,0.000006
1,AGAGGCAA,TTATCGAG,3714,0.000057,0.000006
1,AGCAGAAA,CTCCTTAC,3711,0.000057,0.000006
1,GCTACGCT,GTTATTAC,3710,0.000057,0.000006
1,CGTCCTTG,GATATTAA,3696,0.000057,0.000006
1,GGTGGGGG,GCATGAGG,3694,0.000057,0.000006
1,CGTCTAGA,GCGATCTA,3694,0.000057,0.000006
1,CCGGGGGG,GCATGAGG,3692,0.000057,0.000006
1,CCCCCCCC,CCCCCCCG,3692,0.000057,0.000006
1,CGTCTAGA,AGAGGATA,3679,0.000057,0.000006
1,GGCAGAAA,CAGAATAT,3673,0.000057,0.000006
1,CATACTAA,TCTACTCT,3654,0.000056,0.000006
1,CGTCCGAG,GATATTAA,3630,0.000056,0.000006
1,TAGCATGA,CCGATAGA,3621,0.000056,0.000006
1,TCGTGAGG,GCGATCTA,3620,0.000056,0.000006
1,CGTACTAG,AGGGGGGG,3612,0.000056,0.000006
1,AGAGGCAA,CGCGTAGT,3612,0.000056,0.000006
1,AAAACAAA,AAAAAAAA,3604,0.000056,0.000006
1,GGCAGAAA,ATCTTAAC,3576,0.000055,0.000006
1,GGACTCCT,TATGCGTG,3562,0.000055,0.000006
1,AGCAGAAA,ATAGAGAG,3562,0.000055,0.000006
1,CGAGGCTG,GATTTTAC,3556,0.000055,0.000006
1,AGAGGCAA,GCGATCTA,3536,0.000055,0.000006
1,GACTCCTA,GCGATCTA,3534,0.000055,0.000006
1,CTCTCTAC,ATCTTACG,3530,0.000054,0.000006
1,AGAGGCAA,AAGAACTC,3524,0.000054,0.000006
1,AGGCAGAA,GCCTGTGG,3518,0.000054,0.000006
1,CGGGCTGA,ATCTTAAC,3506,0.000054,0.000006
1,CTCTCTAC,GCCGGAGG,3498,0.000054,0.000006
1,CGTCCTTG,GCGATCTA,3488,0.000054,0.000006
1,AGGCAGAA,CCGCTAGT,3488,0.000054,0.000006
1,GGCAGAAA,TTATCGAG,3486,0.000054,0.000006
1,CATACGTA,AGAGATAG,3485,0.000054,0.000006
1,GGCAGAAA,CGCGTAGT,3478,0.000054,0.000006
1,CGGGCTGA,CAGAATAT,3455,0.000053,0.000006
1,CTCTCTAC,TATGCGTG,3448,0.000053,0.000006
1,GTAGAGGA,TATGCGTG,3442,0.000053,0.000006
1,TCCGGCGG,TACTCCTT,3436,0.000053,0.000006
1,TAGCATGA,GCGATCTA,3417,0.000053,0.000006
1,CGTCTAGA,AAGAACTC,3414,0.000053,0.000006
1,CAGCGGCA,GCATGAGG,3411,0.000053,0.000006
1,CGGGCTGA,TACTCCTT,3400,0.000052,0.000006
1,AGAGGCAA,AGAGGATA,3389,0.000052,0.000006
1,AGAGGCAA,ATAGAGAG,3374,0.000052,0.000006
1,CGGGCTGA,TCTACTCT,3353,0.000052,0.000005
1,AGCAGAAA,TATGCAGT,3349,0.000052,0.000005
1,AGCAGAAA,GCATGAGG,3343,0.000052,0.000005
1,TCTCTACA,CAGAATAT,3342,0.000052,0.000005
1,GGTGGGGG,AGATCTCG,3342,0.000052,0.000005
1,TAGTGGGA,GCATGAGG,3325,0.000051,0.000005
1,AAGAGGCA,TATGCGTG,3322,0.000051,0.000005
1,AGGCGAAA,TACTCCTT,3318,0.000051,0.000005
1,CGGAGGGC,GCATGAGG,3314,0.000051,0.000005
1,AGAGGCAA,TATGCAGT,3313,0.000051,0.000005
1,GAACACGA,ATAGAGAG,3302,0.000051,0.000005
1,GCGTGCGC,TACTCCTT,3294,0.000051,0.000005
1,AGGCAGAA,TATGCGTG,3291,0.000051,0.000005
1,GGCAGAAA,TCTACTCT,3290,0.000051,0.000005
1,CATACTAA,TACTCCTT,3289,0.000051,0.000005
1,CGGGCTGA,AGGCTTAG,3269,0.000050,0.000005
1,GGGGGGGG,TTATCGCG,3268,0.000050,0.000005
1,GGCGGCGG,GCCTGAGG,3265,0.000050,0.000005
1,AGAGGCAA,AGGCTTAG,3264,0.000050,0.000005
1,CGGGCTGA,CTCCTTAC,3258,0.000050,0.000005
1,AAGTGGGC,GCATGAGG,3234,0.000050,0.000005
1,CGGGGGTG,GCCTGAGG,3228,0.000050,0.000005
1,CTCTCTAC,TCTTAACG,3224,0.000050,0.000005
1,CTCTCTAC,ATCTAACG,3223,0.000050,0.000005
1,TAGGCATG,TATGCGTG,3222,0.000050,0.000005
1,TCTCTACA,ATCTTAAC,3219,0.000050,0.000005
1,TCCTGAGC,TATGCGTG,3217,0.000050,0.000005
1,CGGGGGGG,GGGGGGGG,3217,0.000050,0.000005
1,GGACTCTA,CTCCTTAC,3203,0.000049,0.000005
1,CTCTCTAC,AGAACTCG,3200,0.000049,0.000005
1,GCTACGCT,TATGCGTG,3198,0.000049,0.000005
1,AGAGGCAA,GATATTAA,3198,0.000049,0.000005
1,CAGAGAGG,TATGCGTG,3197,0.000049,0.000005
1,GGCTGAGG,TACTCCTT,3190,0.000049,0.000005
1,AGCAGAAA,AGAGGATA,3183,0.000049,0.000005
1,AGCAGAAA,GCGATCTA,3181,0.000049,0.000005
1,TCCTGAGC,CAGATATG,3180,0.000049,0.000005
1,GGACTCTA,ATCTTAAC,3178,0.000049,0.000005
1,GGACTCCT,CTCTTACG,3178,0.000049,0.000005
1,GGCAGAAA,CTCCTTAC,3175,0.000049,0.000005
1,GGGGGGGT,AGATCTCG,3170,0.000049,0.000005
1,CAGAGGGA,GCCTGAGG,3157,0.000049,0.000005
1,CATACGTA,AGGGGGGG,3154,0.000049,0.000005
1,AAGAGGCA,CAGATATG,3154,0.000049,0.000005
1,CATACGTA,TATGCGTG,3147,0.000049,0.000005
1,CGGGCTGA,CGCGTAGT,3139,0.000048,0.000005
1,GGCAGAAA,TATGCAGT,3135,0.000048,0.000005
1,CCGAGTGG,GCATGAGG,3125,0.000048,0.000005
1,GGACTCCT,AGAACTCG,3115,0.000048,0.000005
1,GGACTCCT,ATCTTACG,3114,0.000048,0.000005
1,AAGAGGCA,AGAGGTTT,3106,0.000048,0.000005
1,GGCAGAAA,ATAGAGAG,3100,0.000048,0.000005
1,CGTACTAG,CCGCTTGA,3095,0.000048,0.000005
1,GGGGGGGG,ATCTTACC,3091,0.000048,0.000005
1,CGTCCGAG,GCGATCTA,3085,0.000048,0.000005
1,TAAGGCGA,CAGATATG,3084,0.000048,0.000005
1,CGCGGGTG,GCCTGAGG,3070,0.000047,0.000005
1,GCTACGCT,AGAACTCG,3069,0.000047,0.000005
1,TCCTGAGC,TTATCAGG,3067,0.000047,0.000005
1,GGACTCCT,CAGATATG,3057,0.000047,0.000005
1,AGGCGAAA,AGGCTTAG,3056,0.000047,0.000005
1,GTAGAGGA,CAGATATG,3043,0.000047,0.000005
1,CATACTAA,TATGCAGT,3041,0.000047,0.000005
1,GCTACGCT,CTCTTACG,3032,0.000047,0.000005
1,CGTCTAGA,GATATTAA,3032,0.000047,0.000005
1,AGGCAGAA,CAGATATG,3029,0.000047,0.000005
1,AGCAGAAA,CCGATAGA,3026,0.000047,0.000005
1,GGACTCTA,TACTCCTT,3013,0.000046,0.000005
1,AAGAGGCA,ATCTTACG,3013,0.000046,0.000005
1,AAGAGGCA,AGAACTCG,3010,0.000046,0.000005
1,GGACTCTA,TCTACTCT,3009,0.000046,0.000005
1,AAGAGGCA,CTCTTACG,2989,0.000046,0.000005
1,AGGCAGAA,GGCTGAGG,2985,0.000046,0.000005
1,GCTACGCT,CAGATATG,2984,0.000046,0.000005
1,GGACTCCT,TCTTAACG,2978,0.000046,0.000005
1,GAACACTG,GGGGGGGG,2978,0.000046,0.000005
1,AAGAGGCA,TTATCAGG,2976,0.000046,0.000005
1,AGCAGAAA,AAGAACTC,2975,0.000046,0.000005
1,TAAGGCGA,TATGCGTG,2967,0.000046,0.000005
1,CCGGGGGC,GCATGAGG,2967,0.000046,0.000005
1,GTAGAGGA,TTATCAGG,2963,0.000046,0.000005
1,AGCAGAAA,GATATTAA,2954,0.000046,0.000005
1,CTCTCTAC,TTATCAGG,2953,0.000046,0.000005
1,CGAGCTGA,ATCTTAAC,2949,0.000045,0.000005
1,TCCTGAGC,GCCGGAGG,2944,0.000045,0.000005
1,CGGGCTGA,AGAGGATA,2943,0.000045,0.000005
1,CATACTAA,CTCCTTAC,2943,0.000045,0.000005
1,GTAGAGGA,AGAACTCG,2939,0.000045,0.000005
1,GTAGAGGA,CTCTTACG,2937,0.000045,0.000005
1,CATACTAA,ATAGAGAG,2920,0.000045,0.000005
1,AGGCAGAA,AGAGGTTT,2918,0.000045,0.000005
1,AGGCGAAA,ATCTTAAC,2911,0.000045,0.000005
1,GGGGTGGG,AGATCTCG,2909,0.000045,0.000005
1,GGGGGGGG,ATAGTGAG,2906,0.000045,0.000005
1,AGGCAGAA,ATCTTACG,2904,0.000045,0.000005
1,GTAGAGGA,ATCTTACG,2900,0.000045,0.000005
1,CGAGCTGA,AGGCTTAG,2896,0.000045,0.000005
1,CTCTCTAC,CTCTTACG,2895,0.000045,0.000005
1,TAGGCATG,CAGATATG,2881,0.000044,0.000005
1,GGGGGGGG,CGATCTGG,2876,0.000044,0.000005
1,CTCTCTAC,GCCTGTGG,2876,0.000044,0.000005
1,CATACGTA,AGGCTAGG,2875,0.000044,0.000005
1,GGACTCTA,CAGAATAT,2870,0.000044,0.000005
1,CGAGGCTG,CCGCTTGA,2867,0.000044,0.000005
1,GGACTCTA,TATGCAGT,2860,0.000044,0.000005
1,TCCTGAGC,ATCTTACG,2859,0.000044,0.000005
1,GCTACGCT,ATCTTACG,2854,0.000044,0.000005
1,GGGGGGGG,TGATCTCG,2852,0.000044,0.000005
1,CGAGGCTG,TATGCGTG,2851,0.000044,0.000005
1,CGAGGCTG,ATCTTACG,2851,0.000044,0.000005
1,TAGGCATG,AGAACTCG,2847,0.000044,0.000005
1,CGAGCTGA,TACTCCTT,2847,0.000044,0.000005
1,GGCAGAAA,GCGATCTA,2846,0.000044,0.000005
1,CGTACTAG,TATGCGTG,2842,0.000044,0.000005
1,CGAGCTGA,TCTACTCT,2840,0.000044,0.000005
1,TCTCTACA,TACTCCTT,2837,0.000044,0.000005
1,GGACTCCT,TTATCAGG,2837,0.000044,0.000005
1,GGGTGGGG,AGATCTCG,2829,0.000044,0.000005
1,CGAGGCTG,CAGATATG,2829,0.000044,0.000005
1,TAGGCATG,ATCTTACG,2828,0.000044,0.000005
1,CGGGCTGA,TATGCAGT,2828,0.000044,0.000005
1,TCTCTACA,AGGCTTAG,2827,0.000044,0.000005
1,CGTACTAG,GATTTTAC,2822,0.000044,0.000005
1,CGAGCTGA,CAGAATAT,2821,0.000044,0.000005
1,GCTACGCT,CCGCTTGA,2814,0.000043,0.000005
1,TAGGGGGG,GCATGAGG,2809,0.000043,0.000005
1,GGACTCCT,GCCGGAGG,2809,0.000043,0.000005
1,NGAGNCTN,GCATGAGG,2805,0.000043,0.000005
1,TAGGCATG,TTATCAGG,2798,0.000043,0.000005
1,AGAGGCAA,CCGATAGA,2789,0.000043,0.000005
1,CAGAGAGG,CTCTTACG,2784,0.000043,0.000005
1,GGAGGCGG,GCCTGAGG,2783,0.000043,0.000005
1,GGACTCCT,CTCCTTTA,2779,0.000043,0.000005
1,GGCAGAAA,GCATGAGG,2777,0.000043,0.000005
1,CCGAGGCA,GCCTGAGG,2776,0.000043,0.000005
1,AGGCATGA,TCTACTCT,2767,0.000043,0.000005
1,AAGAGGGG,GCATGAGG,2761,0.000043,0.000005
1,CGAGGCTG,AGAACTCG,2755,0.000042,0.000005
1,GGGGGGGG,AGGTTTGG,2744,0.000042,0.000004
1,CGCGGGGG,GCCTGAGG,2740,0.000042,0.000004
1,CGAGGCGA,ATCTTAAC,2739,0.000042,0.000004
1,AGGCAGAA,TCTTAACG,2739,0.000042,0.000004
1,AGGCGAAA,TCTACTCT,2736,0.000042,0.000004
1,CTCTCTAC,AGGCTAGG,2730,0.000042,0.000004
1,CGCGGCGG,GCCTGAGG,2730,0.000042,0.000004
1,GGACTCCT,ATCTAACG,2726,0.000042,0.000004
1,AGGCGAAA,CGCGTAGT,2725,0.000042,0.000004
1,GGACTCTA,GCATGAGG,2724,0.000042,0.000004
1,TAAGGCGA,ATCTTACG,2720,0.000042,0.000004
1,GTAGAGGA,ATCTAACG,2718,0.000042,0.000004
1,CTGAGGCA,GCATGAGG,2718,0.000042,0.000004
1,CGTACTAG,CAGATATG,2718,0.000042,0.000004
1,CTCTCTAC,CTCCTTTA,2717,0.000042,0.000004
1,GGGGGGGG,AGATGTGG,2713,0.000042,0.000004
1,AGGCATGA,ATCTTAAC,2713,0.000042,0.000004
1,TAAGGCGA,AGAACTCG,2708,0.000042,0.000004
1,AGGCAGAA,TTATCAGG,2702,0.000042,0.000004
1,GCTACGCT,TTATCAGG,2701,0.000042,0.000004
1,AGGCGAAA,CAGAATAT,2701,0.000042,0.000004
1,AGGCAGAA,AGAACTCG,2701,0.000042,0.000004
1,GGACTCTA,TTATCGAG,2700,0.000042,0.000004
1,CATACGTA,GGCTTAGG,2697,0.000042,0.000004
1,CGTCCTTG,GCATGAGG,2694,0.000042,0.000004
1,CGAGGCGA,AGGCTTAG,2691,0.000042,0.000004
1,CGAGCTGA,CTCCTTAC,2691,0.000042,0.000004
1,CATACGTA,AGGCTTTA,2691,0.000042,0.000004
1,CGGGCTGA,ATAGAGAG,2688,0.000041,0.000004
1,GTAGAGGA,TCTTAACG,2680,0.000041,0.000004
1,AGGCGAAA,TTATCGAG,2672,0.000041,0.000004
1,AAGAGGCA,CTCCTTTA,2672,0.000041,0.000004
1,CAGAGAGG,GATTTTAC,2671,0.000041,0.000004
1,AGGCAGAA,CTCTTACG,2669,0.000041,0.000004
1,GCTACGCT,TCTTAACG,2668,0.000041,0.000004
1,TCCTGAGC,CTCTTACG,2657,0.000041,0.000004
1,CGGGCTGA,AAGAACTC,2654,0.000041,0.000004
1,CATACGTA,AGCTTAGG,2649,0.000041,0.000004
1,GGACTCTA,AGAGGATA,2644,0.000041,0.000004
1,TCCTGAGC,AGAACTCG,2643,0.000041,0.000004
1,CAGAGAGG,ATCTTACG,2642,0.000041,0.000004
1,AAGAGCAA,CTCCTTAC,2640,0.000041,0.000004
1,TCTCTACA,CTCCTTAC,2639,0.000041,0.000004
1,AAGAGCAA,TCTACTCT,2639,0.000041,0.000004
1,CAGAGAGG,TCTTAACG,2636,0.000041,0.000004
1,GTAGAGGA,CTCCTTTA,2634,0.000041,0.000004
1,GGCGAGGA,GCGATCTA,2634,0.000041,0.000004
1,CGAGGCTG,GTTATTAC,2634,0.000041,0.000004
1,CGGCGGCA,GCATGAGG,2630,0.000041,0.000004
1,CGAGGCTG,CTCTTACG,2630,0.000041,0.000004
1,TCCTGAGC,TCTTAACG,2623,0.000040,0.000004
1,GGCAGAAA,AGAGGATA,2618,0.000040,0.000004
1,TAGGCATG,CTCTTACG,2616,0.000040,0.000004
1,CGAGGCGA,CAGAATAT,2615,0.000040,0.000004
1,TCCTGAGC,TTTATCGA,2610,0.000040,0.000004
1,GGACTCTA,AGGCTTAG,2610,0.000040,0.000004
1,TAAGGCGA,TTATCAGG,2608,0.000040,0.000004
1,TAAGGCGA,CTCTTACG,2606,0.000040,0.000004
1,ATACGTAA,AGGCTTAG,2605,0.000040,0.000004
1,GGACTCTA,CGCGTAGT,2604,0.000040,0.000004
1,GGCAGAAA,AAGAACTC,2602,0.000040,0.000004
1,GGAGGGGG,GCCTGAGG,2602,0.000040,0.000004
1,AAGAGGCA,TCTTAACG,2601,0.000040,0.000004
1,CGAGGCGA,TACTCCTT,2596,0.000040,0.000004
1,GCTACGCT,ATCTAACG,2595,0.000040,0.000004
1,CGGGCTGA,TTATCGAG,2595,0.000040,0.000004
1,AGGCAGAA,AGGCTAGG,2592,0.000040,0.000004
1,GGCAGAAA,CCGATAGA,2585,0.000040,0.000004
1,TCTCTACA,TCTACTCT,2582,0.000040,0.000004
1,TCGGGAGG,TACTCCTT,2581,0.000040,0.000004
1,GGCAGAAA,GATATTAA,2580,0.000040,0.000004
1,GCGTGGGG,TACTCCTT,2580,0.000040,0.000004
1,CAGAGAGG,ATCTAACG,2578,0.000040,0.000004
1,TCTCTACA,TTATCGAG,2575,0.000040,0.000004
1,GGACTCTA,GCGATCTA,2570,0.000040,0.000004
1,TAGGCATG,TCTTAACG,2567,0.000040,0.000004
1,AAGAGCAA,TACTCCTT,2559,0.000039,0.000004
1,CGAGGCTG,TCTTAACG,2557,0.000039,0.000004
1,CAGAGAGG,CAGATATG,2556,0.000039,0.000004
1,TAAGGCGA,GCCGGAGG,2555,0.000039,0.000004
1,GCTACGCT,CTCCTTTA,2551,0.000039,0.000004
1,CATACTAA,AGAGGATA,2551,0.000039,0.000004
1,CGAGGCTG,ATCTAACG,2549,0.000039,0.000004
1,CGGGCTGA,GCGATCTA,2544,0.000039,0.000004
1,AAGAGCAA,TTATCGAG,2540,0.000039,0.000004
1,AAGAGCAA,ATCTTAAC,2540,0.000039,0.000004
1,CGGGCTGA,CCGATAGA,2538,0.000039,0.000004
1,TCCTGAGC,GCCTGTGG,2534,0.000039,0.000004
1,AGGCAGAA,ATCTAACG,2533,0.000039,0.000004
1,CTCTCTAC,CCGCTAGT,2525,0.000039,0.000004
1,TCCTGAGC,CCGCTAGT,2522,0.000039,0.000004
1,GGCGGCGC,TACTCCTT,2522,0.000039,0.000004
1,CGAGGCGA,TCTACTCT,2519,0.000039,0.000004
1,AGGCATGA,TTATCGAG,2519,0.000039,0.000004
1,CGTACTAG,ATCTTACG,2515,0.000039,0.000004
1,CCGAGGGG,GCATGAGG,2515,0.000039,0.000004
1,GAGGCTGA,ATCTTAAC,2513,0.000039,0.000004
1,AGGCGAAA,TATGCAGT,2513,0.000039,0.000004
1,CGAGCTGA,CGCGTAGT,2510,0.000039,0.000004
1,ACGAGGCC,GCATGAGG,2508,0.000039,0.000004
1,AGGCATGA,CTCCTTAC,2505,0.000039,0.000004
1,AGGCGAAA,ATAGAGAG,2504,0.000039,0.000004
1,CTCTCTAC,CCGATAAG,2501,0.000039,0.000004
1,CCGAGGGA,GCATGAGG,2501,0.000039,0.000004
1,GTAGAGGA,CCGATAAG,2500,0.000039,0.000004
1,CAGAGAGG,TTATCAGG,2493,0.000038,0.000004
1,TAGGCATG,AGAGGTTT,2490,0.000038,0.000004
1,GGACCCTA,ATCTTAAC,2490,0.000038,0.000004
1,GAGGCTGA,TCTACTCT,2487,0.000038,0.000004
1,GCCTGAGG,GCGATCTA,2483,0.000038,0.000004
1,GGACTCTA,ATAGAGAG,2482,0.000038,0.000004
1,GGGGGGGG,AGGTTTAG,2478,0.000038,0.000004
1,GGACCCTA,CTCCTTAC,2478,0.000038,0.000004
1,TCCTGAGC,ATCTAACG,2476,0.000038,0.000004
1,GTAGAGGA,TATCAGTG,2474,0.000038,0.000004
1,GAGGCTGA,TACTCCTT,2474,0.000038,0.000004
1,GGACTCTA,GATATTAA,2466,0.000038,0.000004
1,CTCTCTAC,GGCTTAGG,2466,0.000038,0.000004
1,GGACCCTA,TACTCCTT,2464,0.000038,0.000004
1,TGGCATGA,ATCTTAAC,2461,0.000038,0.000004
1,AAGAGGCA,ATCTAACG,2460,0.000038,0.000004
1,CGTACTAG,TTATCAGG,2459,0.000038,0.000004
1,CGAGGCGA,CGCGTAGT,2459,0.000038,0.000004
1,CAGAGAGG,CTCCTTTA,2457,0.000038,0.000004
1,AAGAGCAA,CAGAATAT,2456,0.000038,0.000004
1,TAAGGCGA,TCTTAACG,2455,0.000038,0.000004
1,GGACTCCT,GCCTGTGG,2454,0.000038,0.000004
1,CTCTCTAC,TTTATCGA,2454,0.000038,0.000004
1,AGGCGAAA,CTCCTTAC,2447,0.000038,0.000004
1,CGAGGCGA,CTCCTTAC,2446,0.000038,0.000004
1,CGAGCTGA,AGAGGATA,2444,0.000038,0.000004
1,TCTCTACA,GATATTAA,2434,0.000038,0.000004
1,GGACTCCT,TATCAGTG,2428,0.000037,0.000004
1,AGGCATGA,GCATGAGG,2419,0.000037,0.000004
1,AGGCATGA,AGGCTTAG,2418,0.000037,0.000004
1,CGTACTAG,AGAACTCG,2414,0.000037,0.000004
1,GAGGCTGA,CAGAATAT,2413,0.000037,0.000004
1,CGTACTAG,TCTTAACG,2409,0.000037,0.000004
1,CGAGCTGA,TATGCAGT,2409,0.000037,0.000004
1,CTCTCTAC,AGCTTAGG,2405,0.000037,0.000004
1,TAGGCGAA,CAGAATAT,2403,0.000037,0.000004
1,GGACTCCT,CCGATAAG,2400,0.000037,0.000004
1,AGGCATGA,CAGAATAT,2396,0.000037,0.000004
1,GGACCCTA,TCTACTCT,2391,0.000037,0.000004
1,TAAGGCGA,CCGCTAGT,2390,0.000037,0.000004
1,CGAGGCTG,CTCCTTTA,2384,0.000037,0.000004
1,GAGGCTGA,AGGCTTAG,2381,0.000037,0.000004
1,GGACTCCT,CCGCTAGT,2375,0.000037,0.000004
1,CATACGTA,CTCTTACG,2375,0.000037,0.000004
1,TAAGGCGA,ATCTAACG,2372,0.000037,0.000004
1,CGGGGGGG,GATATTAC,2371,0.000037,0.000004
1,GGGGGGGC,GCATGAGG,2367,0.000037,0.000004
1,AGGCATGA,CGCGTAGT,2367,0.000037,0.000004
1,CTCTCTAC,GGCTGAGG,2366,0.000036,0.000004
1,GGACTCTA,CCGATAGA,2360,0.000036,0.000004
1,AGGCATGA,TACTCCTT,2359,0.000036,0.000004
1,CGTACTAG,ATCTAACG,2358,0.000036,0.000004
1,TCCTGAGC,CTCCTTTA,2356,0.000036,0.000004
1,GTAGAGGA,AGGCTAGG,2356,0.000036,0.000004
1,GGGGGGGG,GGATGAGG,2355,0.000036,0.000004
1,AGGCATGA,TATGCAGT,2355,0.000036,0.000004
1,GGACTCTA,AAGAACTC,2353,0.000036,0.000004
1,TAGGCATG,ATCTAACG,2352,0.000036,0.000004
1,GTAGAGGA,CCGCTAGT,2352,0.000036,0.000004
1,CTCTCTAC,AGGCTTTA,2349,0.000036,0.000004
1,CTCTCTAC,CGATAGAG,2340,0.000036,0.000004
1,ATACGTAA,TCTACTCT,2340,0.000036,0.000004
1,GGACTCCT,TTTATCGA,2339,0.000036,0.000004
1,AGGCAGAA,TTTATCGA,2339,0.000036,0.000004
1,AAGAGCAA,GCGATCTA,2339,0.000036,0.000004
1,TAGGCATG,CTCCTTTA,2335,0.000036,0.000004
1,CGGAGGGA,GCATGAGG,2328,0.000036,0.000004
1,AGGCAGAA,CTCCTTTA,2327,0.000036,0.000004
1,AAGAGGCA,TTTATCGA,2325,0.000036,0.000004
1,TCCTGAGC,AGGCTAGG,2324,0.000036,0.000004
1,AGGCAGAA,GGCTTAGG,2322,0.000036,0.000004
1,GGGGGCGG,TACTCCTT,2321,0.000036,0.000004
1,TCTCTACA,CCGATAGA,2317,0.000036,0.000004
1,TCTCTACA,AAGAACTC,2314,0.000036,0.000004
1,TCTCTACA,TATGCAGT,2312,0.000036,0.000004
1,AAGAGCAA,TATGCAGT,2311,0.000036,0.000004
1,CGAGCTGA,AAGAACTC,2309,0.000036,0.000004
1,AAGAGCAA,CGCGTAGT,2307,0.000036,0.000004
1,GTAGAGGA,TTTATCGA,2304,0.000036,0.000004
1,CGGGGGGA,GCATGAGG,2303,0.000036,0.000004
1,CGTACTAG,CCGATAAG,2301,0.000035,0.000004
1,CTCTCTAC,CAGAAATG,2296,0.000035,0.000004
1,AGGCAGAA,AGCTTAGG,2295,0.000035,0.000004
1,TAGGCGAA,TCTACTCT,2293,0.000035,0.000004
1,TGGCATGA,TCTACTCT,2292,0.000035,0.000004
1,TAAGGCGA,AGAGGTTT,2292,0.000035,0.000004
1,CGAGGCTG,AGGCTAGG,2291,0.000035,0.000004
1,CGTACTAG,CTCTTACG,2288,0.000035,0.000004
1,TAGGCATG,TTTATCGA,2286,0.000035,0.000004
1,CAGAGAGG,AGAACTCG,2284,0.000035,0.000004
1,AGGCGAAA,GCATGAGG,2281,0.000035,0.000004
1,GCTACGCT,TTTATCGA,2279,0.000035,0.000004
1,TCCTGAGC,AGAGGTTT,2274,0.000035,0.000004
1,AGGCATGA,AAGAACTC,2274,0.000035,0.000004
1,GGACCCTA,TTATCGAG,2272,0.000035,0.000004
1,GCTACGCT,CTCCCTTA,2272,0.000035,0.000004
1,TGGCATGA,TTATCGAG,2267,0.000035,0.000004
1,CCTCTACA,CAGAATAT,2267,0.000035,0.000004
1,AGAGAGGA,CTCCTTAC,2266,0.000035,0.000004
1,CTCTCTAC,TATCAGTG,2262,0.000035,0.000004
1,GAGGCTGA,CTCCTTAC,2261,0.000035,0.000004
1,TCCTGAGC,CCGATAAG,2260,0.000035,0.000004
1,AGGCGAAA,AGAGGATA,2260,0.000035,0.000004
1,TCTCTACA,ATAGAGAG,2258,0.000035,0.000004
1,GGACTCCT,CTCCCTTA,2258,0.000035,0.000004
1,CGAGGCGA,TATGCAGT,2250,0.000035,0.000004
1,GCTACGCT,CCGATAAG,2246,0.000035,0.000004
1,CGGGCTGA,GATATTAA,2246,0.000035,0.000004
1,AAGAGGCA,TATCAGTG,2246,0.000035,0.000004
1,TAGGCATG,CCGCTAGT,2242,0.000035,0.000004
1,TAAGGCGA,CTCCTTTA,2241,0.000035,0.000004
1,GGACCCTA,CAGAATAT,2237,0.000035,0.000004
1,AGGCGAAA,GCGATCTA,2234,0.000034,0.000004
1,TAGGCGAA,TACTCCTT,2232,0.000034,0.000004
1,AAGAGCAA,AAGAACTC,2232,0.000034,0.000004
1,CGAGGCGA,AGAGGATA,2223,0.000034,0.000004
1,GGGGGGGG,CCGATAGT,2212,0.000034,0.000004
1,CGAGCTGA,TTATCGAG,2212,0.000034,0.000004
1,AAGAGGCA,CTCCCTTA,2212,0.000034,0.000004
1,GTAGAGGA,GCCGGAGG,2210,0.000034,0.000004
1,TAGGCGAA,ATCTTAAC,2208,0.000034,0.000004
1,TAGGCATG,GCCTGTGG,2208,0.000034,0.000004
1,CAGAGAGG,TTTATCGA,2205,0.000034,0.000004
1,AAGAGGCA,CCGATAAG,2205,0.000034,0.000004
1,TCCTGAGC,AGCTTAGG,2197,0.000034,0.000004
1,AAGAGCAA,ATAGAGAG,2197,0.000034,0.000004
1,TGGCATGA,CTCCTTAC,2193,0.000034,0.000004
1,AAGAGCAA,GATATTAA,2192,0.000034,0.000004
1,CGTACTAG,GTTATTAC,2189,0.000034,0.000004
1,TGGCATGA,CAGAATAT,2187,0.000034,0.000004
1,GTAGAGGA,CTCCCTTA,2186,0.000034,0.000004
1,AGGCGAAA,AAGAACTC,2185,0.000034,0.000004
1,TCCTGAGC,GGCTTAGG,2181,0.000034,0.000004
1,CGAGGCTG,TTATCAGG,2179,0.000034,0.000004
1,CCCCCCCC,CCCCCACG,2177,0.000034,0.000004
1,CATACGTA,CTCCTTTA,2177,0.000034,0.000004
1,GTAGAGGA,GGCTTAGG,2174,0.000034,0.000004
1,AAGAGGCA,TGGGGGGG,2171,0.000033,0.000004
1,AGGCATGA,ATAGAGAG,2170,0.000033,0.000004
1,GGACTCCT,AGAGGTTT,2169,0.000033,0.000004
1,CGAGGCTG,GGCTTAGG,2168,0.000033,0.000004
1,CGAGCTGA,ATAGAGAG,2167,0.000033,0.000004
1,GGACCCTA,GCATGAGG,2165,0.000033,0.000004
1,AGGCGAAA,CCGATAGA,2164,0.000033,0.000004
1,GTAGAGGA,AGCTTAGG,2160,0.000033,0.000004
1,AAGAGCAA,GCATGAGG,2158,0.000033,0.000004
1,GTAGAGGA,AGAGGTTT,2157,0.000033,0.000004
1,CAGAGAGG,GTTATTAC,2155,0.000033,0.000004
1,CTCTCTAC,CTCCCTTA,2152,0.000033,0.000004
1,GCTACGCT,TATCAGTG,2150,0.000033,0.000004
1,TGCTGCGC,TACTCCTT,2148,0.000033,0.000004
1,CTCTCTAC,ATCTTTAA,2148,0.000033,0.000004
1,GTAGAGGA,TGGGGGGG,2147,0.000033,0.000004
1,CGCCCCCC,AAAAAAAA,2144,0.000033,0.000004
1,TAGGCGAA,CTCCTTAC,2143,0.000033,0.000004
1,CGTACTAG,AGGCTAGG,2143,0.000033,0.000004
1,CGAGAGGA,ATAGAGAG,2143,0.000033,0.000004
1,CCTCTACA,ATCTTAAC,2140,0.000033,0.000003
1,TCCTGAGC,AGGCTTTA,2138,0.000033,0.000003
1,TAAGGCGA,GCCTGTGG,2138,0.000033,0.000003
1,GCCGGAGG,TACTCCTT,2137,0.000033,0.000003
1,TCTCTACA,GCATGAGG,2136,0.000033,0.000003
1,CGGCGGGG,AGATCTCG,2130,0.000033,0.000003
1,AAGAGGCA,GCCGGAGG,2129,0.000033,0.000003
1,AGGCAGAA,AGGCTTTA,2124,0.000033,0.000003
1,CGGGGGCA,GCATGAGG,2123,0.000033,0.000003
1,AGGCATGA,AGAGGATA,2123,0.000033,0.000003
1,AGAGAGGA,ATCTTAAC,2119,0.000033,0.000003
1,GGACCCTA,TATGCAGT,2118,0.000033,0.000003
1,GCGAGAGG,GCATGAGG,2118,0.000033,0.000003
1,CTCTCTAC,AGAGGTTT,2116,0.000033,0.000003
1,CGTACTAG,CGATAGAG,2116,0.000033,0.000003
1,AGGCAGAA,CCGATAAG,2116,0.000033,0.000003
2,GGGGGGGG,AGATCTCG,45302285,0.693522,0.073805
2,GGGGGGGG,GCATGAGG,466946,0.007148,0.000761
2,GGGGGGGG,AGATCTGG,142898,0.002188,0.000233
2,CGGGGGGG,GCATGAGG,134964,0.002066,0.000220
2,GGGGGGGG,AGTTCTCG,130213,0.001993,0.000212
2,CTCTCTAC,GGGGGGGG,123823,0.001896,0.000202
2,GGGGGGGG,TACTCCTT,121010,0.001853,0.000197
2,GGACTCCT,GGGGGGGG,119038,0.001822,0.000194
2,GGGGGGGG,ATCTTAAC,118182,0.001809,0.000193
2,AAGAGGCA,GGGGGGGG,117889,0.001805,0.000192
2,GGGGGGGG,TCTACTCT,115405,0.001767,0.000188
2,GGGGGGGG,CTCCTTAC,114190,0.001748,0.000186
2,GTAGAGGA,GGGGGGGG,113896,0.001744,0.000186
2,TCCTGAGC,GGGGGGGG,111880,0.001713,0.000182
2,AGGCAGAA,GGGGGGGG,111557,0.001708,0.000182
2,GCTACGCT,GGGGGGGG,111319,0.001704,0.000181
2,GGGGGGGG,CAGAATAT,110982,0.001699,0.000181
2,TAGGCATG,GGGGGGGG,110029,0.001684,0.000179
2,GGGGGGGG,ATAGAGAG,108431,0.001660,0.000177
2,GGGGGGGG,TTATCGAG,107682,0.001648,0.000175
2,GGGGGGGG,AGGCTTAG,104146,0.001594,0.000170
2,TAAGGCGA,GGGGGGGG,103527,0.001585,0.000169
2,CGTACTAG,GGGGGGGG,101921,0.001560,0.000166
2,GGGGGGGG,TATGCAGT,101756,0.001558,0.000166
2,GGGGGGGG,AGAGGATA,100891,0.001545,0.000164
2,CAGAGAGG,GGGGGGGG,100573,0.001540,0.000164
2,GGGGGGGG,GATATTAA,98649,0.001510,0.000161
2,CGAGGCTG,GGGGGGGG,97695,0.001496,0.000159
2,GGGGGGGG,CGCGTAGT,93759,0.001435,0.000153
2,GGGGGGGG,GCGATCTA,92342,0.001414,0.000150
2,GGGGGGGG,CCGATAGA,92085,0.001410,0.000150
2,GGGGGGGG,AAGAACTC,90873,0.001391,0.000148
2,CGGGGGTG,GCATGAGG,63389,0.000970,0.000103
2,CGGGGGGG,AGATCTCG,56144,0.000859,0.000091
2,GGAGGGGG,GCATGAGG,53977,0.000826,0.000088
2,GGGGGGGG,AGATCACG,49539,0.000758,0.000081
2,CATACGTA,GGGGGGGG,49402,0.000756,0.000080
2,CAGAGGCC,GCATGAGG,47533,0.000728,0.000077
2,GGAGGCGG,GCATGAGG,46249,0.000708,0.000075
2,GGGGGGTG,GCATGAGG,43340,0.000663,0.000071
2,CGAGGGGG,GCATGAGG,38518,0.000590,0.000063
2,GGGGGGGG,AGAACTCG,38273,0.000586,0.000062
2,GGAGGGTG,GCATGAGG,36805,0.000563,0.000060
2,GGCGGGGG,GCATGAGG,34595,0.000530,0.000056
2,GGGGGGGG,GGGGGGGG,28701,0.000439,0.000047
2,CGCGGGTG,GCATGAGG,28531,0.000437,0.000046
2,CGGGGGGG,AGGCTTAG,27821,0.000426,0.000045
2,GGGGGGGG,AGATCTAG,27662,0.000423,0.000045
2,GGGGGCGG,GCATGAGG,27637,0.000423,0.000045
2,CAGAGGGA,GCATGAGG,27521,0.000421,0.000045
2,CGGGGGGG,TCTACTCT,27275,0.000418,0.000044
2,CGGGGGGG,TACTCCTT,27075,0.000414,0.000044
2,CGGGGGGG,CTCCTTAC,26572,0.000407,0.000043
2,CGGGGGGG,ATCTTAAC,25781,0.000395,0.000042
2,CGCGGGGG,GCATGAGG,24688,0.000378,0.000040
2,CGGGGGGG,TATGCAGT,24063,0.000368,0.000039
2,CGGGGGGG,CAGAATAT,23854,0.000365,0.000039
2,GGCGGCGG,GCATGAGG,23324,0.000357,0.000038
2,CGGGGGGG,ATAGAGAG,23108,0.000354,0.000038
2,CGCGGCGG,GCATGAGG,22776,0.000349,0.000037
2,CGGGGGGG,AGAGGATA,22670,0.000347,0.000037
2,CGGGGCGG,GCATGAGG,21841,0.000334,0.000036
2,CGGGGGGG,TTATCGAG,21692,0.000332,0.000035
2,CGGGGGGG,CGCGTAGT,20505,0.000314,0.000033
2,CGGGGGGG,GATATTAA,19980,0.000306,0.000033
2,GGGGCGGG,AGATCTCG,19505,0.000299,0.000032
2,CGGGGGGG,GCGATCTA,19306,0.000296,0.000031
2,CGGGGGGG,AAGAACTC,19125,0.000293,0.000031
2,CGGGGGGG,CCGATAGA,17757,0.000272,0.000029
2,GGGGGCGG,AGATCTCG,17409,0.000267,0.000028
2,GGGGGGGG,ACATCTCG,17177,0.000263,0.000028
2,GCCTGAGG,TACTCCTT,16631,0.000255,0.000027
2,GGGGGCTG,GCATGAGG,14979,0.000229,0.000024
2,GGGGGGGG,ATATCTCG,14931,0.000229,0.000024
2,AAAAAAAA,AAAAAAAA,14781,0.000226,0.000024
2,TCGTGAGG,TACTCCTT,14544,0.000223,0.000024
2,GGGGGGGG,AGATGTCG,14107,0.000216,0.000023
2,GGCGGGGG,AGATCTCG,14071,0.000215,0.000023
2,GGGGGGGC,AGATCTCG,13411,0.000205,0.000022
2,GGGGGGCG,AGATCTCG,13364,0.000205,0.000022
2,GGGGGGGG,AGGGGGGG,12760,0.000195,0.000021
2,CTCTCTAC,CGGGGGGG,12503,0.000191,0.000020
2,AAGAGGCA,CCGATTGT,12363,0.000189,0.000020
2,CCGAGGCA,GCATGAGG,11899,0.000182,0.000019
2,CAGAGGGC,GCATGAGG,11683,0.000179,0.000019
2,GGGCGGGG,AGATCTCG,11670,0.000179,0.000019
2,AGGCAGAA,CCGATTGT,11638,0.000178,0.000019
2,CTCTCTAC,AGGGGGGG,11609,0.000178,0.000019
2,AAGAGGCA,CGGGGGGG,11506,0.000176,0.000019
2,GGACTCCT,CGGGGGGG,11365,0.000174,0.000019
2,TAGGCATG,CGGGGGGG,10977,0.000168,0.000018
2,AGGCAGAA,CGGGGGGG,10963,0.000168,0.000018
2,AAGAGGCA,ATAGTGTG,10939,0.000167,0.000018
2,GTAGAGGA,CGGGGGGG,10918,0.000167,0.000018
2,TCCTGAGC,CGGGGGGG,10871,0.000166,0.000018
2,GGGGGGGG,CGATCTCG,10765,0.000165,0.000018
2,GGGGGGGG,AGATCTCC,10715,0.000164,0.000017
2,GCTACGCT,CGGGGGGG,10671,0.000163,0.000017
2,AAGTGGGA,GCATGAGG,10623,0.000163,0.000017
2,GTAGAGGA,AGGGGGGG,10545,0.000161,0.000017
2,GGACTCCT,AGGGGGGG,10444,0.000160,0.000017
2,AAGAGGCA,AGGGGGGG,10390,0.000159,0.000017
2,TCCTGAGC,AGGGGGGG,10371,0.000159,0.000017
2,TAAGGCGA,CGGGGGGG,10325,0.000158,0.000017
2,AGGCAGAA,AGGGGGGG,10325,0.000158,0.000017
2,AGGCAGAA,ATAGTGTG,10305,0.000158,0.000017
2,TAGGCATG,AGGGGGGG,10275,0.000157,0.000017
2,CGAGGCTG,CGGGGGGG,10210,0.000156,0.000017
2,GGGGGGGG,GCCTGAGG,10117,0.000155,0.000016
2,CAGAGAGG,CGGGGGGG,10090,0.000154,0.000016
2,CGTACTAG,CGGGGGGG,9849,0.000151,0.000016
2,GGGGGGGG,AGAGCTCG,9738,0.000149,0.000016
2,TGGGGGGG,AGATCTCG,9629,0.000147,0.000016
2,CGAGGCTG,AGGGGGGG,9599,0.000147,0.000016
2,CAGAGAGG,AGGGGGGG,9548,0.000146,0.000016
2,AAGAGGGC,GCATGAGG,9509,0.000146,0.000015
2,TAAGGCGA,AGGGGGGG,9419,0.000144,0.000015
2,GCGGGGGG,AGATCTCG,9310,0.000143,0.000015
2,CGGAGGCA,GCATGAGG,9234,0.000141,0.000015
2,CGTACTAG,AGGGGGGG,9157,0.000140,0.000015
2,TAGGCATG,CCGATTGT,9144,0.000140,0.000015
2,CAGTGGCA,GCATGAGG,9113,0.000140,0.000015
2,GCTACGCT,AGGGGGGG,9105,0.000139,0.000015
2,GGGGGGTG,AGATCTCG,9061,0.000139,0.000015
2,CTCTCTAC,CCGATTGT,9033,0.000138,0.000015
2,GGGGGGGG,AGATATCG,8885,0.000136,0.000014
2,GTAGAGGA,CCGATTGT,8532,0.000131,0.000014
2,GGGGGGGG,AGATCTCT,8424,0.000129,0.000014
2,CAGAGGCG,GCATGAGG,8402,0.000129,0.000014
2,GGACTCCT,CCGATTGT,8270,0.000127,0.000013
2,TCCTGAGC,CCGATTGT,8255,0.000126,0.000013
2,TAAGGCGA,CCGATTGT,8129,0.000124,0.000013
2,TCCGGCGC,TACTCCTT,7912,0.000121,0.000013
2,CGTGGGTG,GCATGAGG,7849,0.000120,0.000013
2,TAGGCATG,ATAGTGTG,7801,0.000119,0.000013
2,CGTACTGA,TACTCCTT,7688,0.000118,0.000013
2,CGTACTGA,TCTACTCT,7524,0.000115,0.000012
2,CGTACTGA,AGGCTTAG,7399,0.000113,0.000012
2,GGCGGCTG,GCATGAGG,7364,0.000113,0.000012
2,CGTACTGA,ATCTTAAC,7337,0.000112,0.000012
2,CGTACTGA,CAGAATAT,7222,0.000111,0.000012
2,GGCGGGTG,GCATGAGG,7147,0.000109,0.000012
2,CATACGTA,ATCTTAAC,7010,0.000107,0.000011
2,CGTACTGA,TTATCGAG,6882,0.000105,0.000011
2,TAGAGGGA,GCATGAGG,6859,0.000105,0.000011
2,CTCTCTAC,ATAGTGTG,6828,0.000105,0.000011
2,CGTACTGA,GCGATCTA,6777,0.000104,0.000011
2,CGTACTGA,CCGATAGA,6751,0.000103,0.000011
2,GGGGGGGG,AGATCGCG,6689,0.000102,0.000011
2,CGTACTGA,TATGCAGT,6607,0.000101,0.000011
2,GGACTCCT,ATAGTGTG,6600,0.000101,0.000011
2,CGTACTGA,CTCCTTAC,6584,0.000101,0.000011
2,CGGAGGCC,GCATGAGG,6541,0.000100,0.000011
2,CGTACTGA,CGCGTAGT,6507,0.000100,0.000011
2,GGGGGGGG,AGTTCTGG,6469,0.000099,0.000011
2,GGGGGGGG,TGATCTCG,6464,0.000099,0.000011
2,CGTACTGA,GCATGAGG,6463,0.000099,0.000011
2,CGTACTGA,ATAGAGAG,6452,0.000099,0.000011
2,CATACGTA,AGGGGGGG,6442,0.000099,0.000010
2,GTGGGGGG,AGATCTCG,6323,0.000097,0.000010
2,CAGTGGCC,GCATGAGG,6203,0.000095,0.000010
2,CATACGTA,ATAGTGTG,6139,0.000094,0.000010
2,CATACGTA,TTATCGAG,6106,0.000093,0.000010
2,CGTACTAG,CCGATTGT,6099,0.000093,0.000010
2,CATACGTA,CAGAATAT,6095,0.000093,0.000010
2,GGTGGGGG,GCATGAGG,6082,0.000093,0.000010
2,GACTCCTA,CTCCTTAC,6054,0.000093,0.000010
2,TAAGGCGA,ATAGTGTG,6049,0.000093,0.000010
2,TCCTGAGC,ATAGTGTG,5958,0.000091,0.000010
2,GTAGAGGA,ATAGTGTG,5955,0.000091,0.000010
2,CGTACTGA,AGAGGATA,5900,0.000090,0.000010
2,GCTACGCT,CCGATTGT,5846,0.000089,0.000010
2,GCCTGCGC,TACTCCTT,5783,0.000089,0.000009
2,GACTCCTA,TCTACTCT,5779,0.000088,0.000009
2,AAGTGGCC,GCATGAGG,5779,0.000088,0.000009
2,CGTACTGA,GATATTAA,5732,0.000088,0.000009
2,GCTACGCT,ATAGTGTG,5728,0.000088,0.000009
2,GACTCCTA,TACTCCTT,5722,0.000088,0.000009
2,GACTCCTA,ATCTTAAC,5709,0.000087,0.000009
2,CGGGGGGG,GCCTGAGG,5693,0.000087,0.000009
2,GTAGAGGA,TGGGGGGG,5685,0.000087,0.000009
2,CCGAGGCC,GCATGAGG,5662,0.000087,0.000009
2,GCTACGCT,TGGGGGGG,5598,0.000086,0.000009
2,GAACACTG,ATAGTGTG,5579,0.000085,0.000009
2,CGTACTGA,AAGAACTC,5497,0.000084,0.000009
2,CTCTCTAC,TGGGGGGG,5490,0.000084,0.000009
2,GGACTCCT,TGGGGGGG,5485,0.000084,0.000009
2,GACTCCTA,CAGAATAT,5410,0.000083,0.000009
2,CGAGGCTG,CCGATTGT,5387,0.000082,0.000009
2,CATACGTA,GATATTAA,5372,0.000082,0.000009
2,AAGAGGCA,TGGGGGGG,5364,0.000082,0.000009
2,CGGAGGCG,GCATGAGG,5361,0.000082,0.000009
2,GACTCCTA,TATGCAGT,5358,0.000082,0.000009
2,GGACTCCT,CTCCTACG,5348,0.000082,0.000009
2,GGGGGTGG,AGATCTCG,5339,0.000082,0.000009
2,GACTCCTA,GCATGAGG,5330,0.000082,0.000009
2,TAGGCATG,TGGGGGGG,5283,0.000081,0.000009
2,AGGCAGAA,TGGGGGGG,5268,0.000081,0.000009
2,GGACTCCT,AGAGATAG,5265,0.000081,0.000009
2,GACTCCTA,AGAGGATA,5163,0.000079,0.000008
2,CATACGTA,CGCGTAGT,5083,0.000078,0.000008
2,GACTCCTA,TTATCGAG,5072,0.000078,0.000008
2,TAAGGCGA,TGGGGGGG,5062,0.000077,0.000008
2,GCTACGCT,AGAGATAG,5059,0.000077,0.000008
2,GCGTGAGG,TACTCCTT,5054,0.000077,0.000008
2,GTAGAGGA,CTCCTACG,5051,0.000077,0.000008
2,AAGAGGCA,CTCCTACG,5039,0.000077,0.000008
2,TCCTGAGC,AGAGATAG,5032,0.000077,0.000008
2,TAGCATGA,ATCTTAAC,4980,0.000076,0.000008
2,CGTCTAGA,TACTCCTT,4964,0.000076,0.000008
2,TAGCATGA,TCTACTCT,4954,0.000076,0.000008
2,CATACGTA,CCGATAGA,4939,0.000076,0.000008
2,GCCGGAGC,TACTCCTT,4933,0.000076,0.000008
2,GACTCCTA,ATAGAGAG,4933,0.000076,0.000008
2,TCCTGAGC,TGGGGGGG,4893,0.000075,0.000008
2,CTCTCTAC,CTCCTACG,4885,0.000075,0.000008
2,CATACGTA,AAGAACTC,4877,0.000075,0.000008
2,CGTCTAGA,ATCTTAAC,4869,0.000075,0.000008
2,GACTCCTA,GATATTAA,4868,0.000075,0.000008
2,TAGCATGA,TTATCGAG,4799,0.000073,0.000008
2,GTAGAGGA,AGAGATAG,4787,0.000073,0.000008
2,CGTACTAG,TGGGGGGG,4783,0.000073,0.000008
2,CATACGTA,GCATGAGG,4766,0.000073,0.000008
2,TAGCATGA,CAGAATAT,4750,0.000073,0.000008
2,GCTACGCT,CTCCTACG,4735,0.000072,0.000008
2,GACTCCTA,AGGCTTAG,4735,0.000072,0.000008
2,CGAGGCTG,TGGGGGGG,4681,0.000072,0.000008
2,CGTCTAGA,TCTACTCT,4679,0.000072,0.000008
2,CGTCTAGA,CAGAATAT,4646,0.000071,0.000008
2,GACTCCTA,CGCGTAGT,4644,0.000071,0.000008
2,TAGCATGA,GCATGAGG,4629,0.000071,0.000008
2,TAGCATGA,CTCCTTAC,4629,0.000071,0.000008
2,CAGAGAGG,TGGGGGGG,4623,0.000071,0.000008
2,CGTCTAGA,AGGCTTAG,4609,0.000071,0.000008
2,TAAGGCGA,AGAGATAG,4592,0.000070,0.000007
2,TAGTGGGA,GCATGAGG,4573,0.000070,0.000007
2,GGGGGGGG,GCATGTGG,4564,0.000070,0.000007
2,CGTCTAGA,CCGATAGA,4558,0.000070,0.000007
2,CAGAGAGG,AGAGATAG,4556,0.000070,0.000007
2,GACTCCTA,AAGAACTC,4532,0.000069,0.000007
2,GCCGGCGC,TACTCCTT,4521,0.000069,0.000007
2,CGTACTAG,ATAGTGTG,4518,0.000069,0.000007
2,GCGTGAGC,TACTCCTT,4515,0.000069,0.000007
2,CAGAGAGG,CTCCTACG,4497,0.000069,0.000007
2,AGCAGAAA,TACTCCTT,4475,0.000069,0.000007
2,GACTCCTA,CCGATAGA,4470,0.000068,0.000007
2,TAGGCATG,AGAGATAG,4459,0.000068,0.000007
2,TCCTGAGC,CTCCTACG,4441,0.000068,0.000007
2,GGTGGGGG,AGATCTCG,4440,0.000068,0.000007
2,GGGGGGGT,AGATCTCG,4422,0.000068,0.000007
2,AGGCAGAA,CTCCTACG,4415,0.000068,0.000007
2,CGAGGCTG,AGAGATAG,4401,0.000067,0.000007
2,CATACTAA,AGGCTTAG,4371,0.000067,0.000007
2,CAGGGGCA,GCATGAGG,4369,0.000067,0.000007
2,AAGAGGCA,AGAGATAG,4350,0.000067,0.000007
2,CGAGGCTG,CTCCTACG,4343,0.000066,0.000007
2,TCCGGAGG,TACTCCTT,4323,0.000066,0.000007
2,CGTCTAGA,TTATCGAG,4315,0.000066,0.000007
2,TAGCATGA,TACTCCTT,4302,0.000066,0.000007
2,TAGGCATG,CTCCTACG,4301,0.000066,0.000007
2,TAGCATGA,AGGCTTAG,4301,0.000066,0.000007
2,CAGGGGGA,GCATGAGG,4285,0.000066,0.000007
2,CGTCTAGA,CTCCTTAC,4283,0.000066,0.000007
2,TAGCATGA,ATAGAGAG,4278,0.000065,0.000007
2,TAGCATGA,GATATTAA,4265,0.000065,0.000007
2,CATACGTA,TGGGGGGG,4245,0.000065,0.000007
2,TAGCATGA,CGCGTAGT,4238,0.000065,0.000007
2,CGTCTAGA,TATGCAGT,4238,0.000065,0.000007
2,AGCAGAAA,AGGCTTAG,4234,0.000065,0.000007
2,AGAGGCAA,TACTCCTT,4234,0.000065,0.000007
2,CGTCTAGA,GCATGAGG,4231,0.000065,0.000007
2,CTCTCTAC,AGAGATAG,4215,0.000065,0.000007
2,GGCAGAAA,TACTCCTT,4196,0.000064,0.000007
2,TAGCATGA,TATGCAGT,4146,0.000063,0.000007
2,CGTCTAGA,ATAGAGAG,4142,0.000063,0.000007
2,CGGGGGGC,GCATGAGG,4141,0.000063,0.000007
2,AGCAGAAA,TTATCGAG,4141,0.000063,0.000007
2,AGCAGAAA,ATCTTAAC,4117,0.000063,0.000007
2,AGAGGCAA,ATCTTAAC,4111,0.000063,0.000007
2,TAAGGCGA,CTCCTACG,4106,0.000063,0.000007
2,AGAGGCAA,CTCCTTAC,4102,0.000063,0.000007
2,GGCTGAGC,TACTCCTT,4100,0.000063,0.000007
2,TAGGGGGA,GCATGAGG,4078,0.000062,0.000007
2,TAGCATGA,AGAGGATA,4077,0.000062,0.000007
2,CGTCTAGA,GCGATCTA,4043,0.000062,0.000007
2,CATACGTA,CTCCTACG,4026,0.000062,0.000007
2,CGTACTAG,CTCCTACG,4020,0.000062,0.000007
2,CGTCTAGA,CGCGTAGT,4011,0.000061,0.000007
2,AGGCAGAA,AGAGATAG,3993,0.000061,0.000007
2,AGAGGCAA,TCTACTCT,3992,0.000061,0.000007
2,CTCTCTAC,CAGATATG,3983,0.000061,0.000006
2,CAGTGGGA,GCATGAGG,3981,0.000061,0.000006
2,AGAGGCAA,TTATCGAG,3980,0.000061,0.000006
2,CGTACTAG,AGAGATAG,3945,0.000060,0.000006
2,AGCAGAAA,CAGAATAT,3932,0.000060,0.000006
2,GACTCCTA,GCGATCTA,3911,0.000060,0.000006
2,TAGCATGA,AAGAACTC,3901,0.000060,0.000006
2,AGAGGCAA,CAGAATAT,3895,0.000060,0.000006
2,GGGTGGGG,AGATCTCG,3891,0.000060,0.000006
2,GGCAGAAA,AGGCTTAG,3886,0.000059,0.000006
2,GGGGTGGG,AGATCTCG,3874,0.000059,0.000006
2,AGAGGCAA,GCGATCTA,3858,0.000059,0.000006
2,CAGAGAGG,ATAGTGTG,3848,0.000059,0.000006
2,GGCAGAAA,ATCTTAAC,3825,0.000059,0.000006
2,CGTCTAGA,GATATTAA,3786,0.000058,0.000006
2,CGTCTAGA,AGAGGATA,3779,0.000058,0.000006
2,GGGGGGGG,AGGGGTGG,3767,0.000058,0.000006
2,AGAGGCAA,GATATTAA,3763,0.000058,0.000006
2,CAGAGGCT,GCATGAGG,3748,0.000057,0.000006
2,CAGAGAGG,CCGATTGT,3740,0.000057,0.000006
2,CATACGTA,AGAGATAG,3737,0.000057,0.000006
2,AGCAGAAA,TCTACTCT,3721,0.000057,0.000006
2,AGGCAGAA,GCCGGAGG,3719,0.000057,0.000006
2,AGCAGAAA,CGCGTAGT,3718,0.000057,0.000006
2,GGCAGAAA,TTATCGAG,3709,0.000057,0.000006
2,TAGCATGA,GCGATCTA,3676,0.000056,0.000006
2,TAGCATGA,CCGATAGA,3667,0.000056,0.000006
2,AGAGGCAA,CGCGTAGT,3655,0.000056,0.000006
2,CGAGGCTG,ATAGTGTG,3613,0.000055,0.000006
2,CGGGCTGA,ATCTTAAC,3597,0.000055,0.000006
2,AGAGGCAA,AAGAACTC,3582,0.000055,0.000006
2,CATACTAA,TCTACTCT,3570,0.000055,0.000006
2,AGAGGCAA,ATAGAGAG,3567,0.000055,0.000006
2,AAGAGGCA,CCGCTTGA,3567,0.000055,0.000006
2,GGACTCCT,TATGCGTG,3546,0.000054,0.000006
2,AGCAGAAA,GCATGAGG,3540,0.000054,0.000006
2,CTCTCTAC,ATCTTACG,3529,0.000054,0.000006
2,AGCAGAAA,CTCCTTAC,3524,0.000054,0.000006
2,CAGAGGCC,GCCTGAGG,3519,0.000054,0.000006
2,GGCAGAAA,CAGAATAT,3517,0.000054,0.000006
2,TAGTGGCA,GCATGAGG,3510,0.000054,0.000006
2,CAGGGGGC,GCATGAGG,3504,0.000054,0.000006
2,GGGGGGGG,ATAGTGAG,3503,0.000054,0.000006
2,CGTCTAGA,AAGAACTC,3501,0.000054,0.000006
2,AGCAGAAA,ATAGAGAG,3493,0.000053,0.000006
2,GGGGGGGG,AGATCAGG,3480,0.000053,0.000006
2,GAACACGA,ATAGAGAG,3472,0.000053,0.000006
2,GGCAGAAA,CGCGTAGT,3457,0.000053,0.000006
2,AAGAGGCA,GTTATTAC,3447,0.000053,0.000006
2,CTCTCTAC,TATGCGTG,3432,0.000053,0.000006
2,AGCAGAAA,GATATTAA,3422,0.000052,0.000006
2,GAACACTG,GGGGGGGG,3419,0.000052,0.000006
2,AGAGGCAA,TATGCAGT,3416,0.000052,0.000006
2,CGGGCTGA,AGGCTTAG,3412,0.000052,0.000006
2,AGCAGAAA,TATGCAGT,3383,0.000052,0.000006
2,CGGGCTGA,TACTCCTT,3364,0.000051,0.000005
2,AAGGGGGA,GCATGAGG,3350,0.000051,0.000005
2,GGTGGGTG,GCATGAGG,3338,0.000051,0.000005
2,GTAGAGGA,TATGCGTG,3336,0.000051,0.000005
2,GGACTCTA,CTCCTTAC,3334,0.000051,0.000005
2,GGACTCCT,CTCTTACG,3328,0.000051,0.000005
2,GGCAGAAA,ATAGAGAG,3326,0.000051,0.000005
2,AGGCGAAA,TACTCCTT,3326,0.000051,0.000005
2,CTCTCTAC,TCTTAACG,3324,0.000051,0.000005
2,CGGGCTGA,TCTACTCT,3320,0.000051,0.000005
2,GGCAGAAA,TCTACTCT,3315,0.000051,0.000005
2,CAGGGGGG,GCATGAGG,3280,0.000050,0.000005
2,CGGGCTGA,CAGAATAT,3269,0.000050,0.000005
2,TCTCTACA,ATCTTAAC,3266,0.000050,0.000005
2,CAGAGAGG,TATGCGTG,3259,0.000050,0.000005
2,AGAGGCAA,AGGCTTAG,3246,0.000050,0.000005
2,GGCAGAAA,TATGCAGT,3241,0.000050,0.000005
2,TCTCTACA,CAGAATAT,3227,0.000049,0.000005
2,AAGAGGCA,TATGCGTG,3225,0.000049,0.000005
2,AGAGGCAA,AGAGGATA,3221,0.000049,0.000005
2,AGGCAGAA,TATGCGTG,3211,0.000049,0.000005
2,GGCAGAAA,CTCCTTAC,3206,0.000049,0.000005
2,TCCTGAGC,CAGATATG,3190,0.000049,0.000005
2,CGGGCTGA,CTCCTTAC,3187,0.000049,0.000005
2,AGCAGAAA,AGAGGATA,3179,0.000049,0.000005
2,CATACTAA,TACTCCTT,3172,0.000049,0.000005
2,CATACGTA,TATGCGTG,3153,0.000048,0.000005
2,CGGGCTGA,CGCGTAGT,3145,0.000048,0.000005
2,GGACTCTA,TACTCCTT,3141,0.000048,0.000005
2,AGGCAGAA,CCGCTTGA,3140,0.000048,0.000005
2,CTCTCTAC,ATCTAACG,3129,0.000048,0.000005
2,GTAGAGGA,CAGATATG,3127,0.000048,0.000005
2,TCCTGAGC,TTATCAGG,3118,0.000048,0.000005
2,AGCAGAAA,GCGATCTA,3113,0.000048,0.000005
2,CATACTAA,TATGCAGT,3103,0.000048,0.000005
2,CTCTCTAC,TTATCAGG,3096,0.000047,0.000005
2,GGGGGGGG,AGAGGGGG,3093,0.000047,0.000005
2,CGGGGGGG,GGGGGGGG,3080,0.000047,0.000005
2,GGACTCCT,CAGATATG,3070,0.000047,0.000005
2,AGCAGAAA,CCGATAGA,3069,0.000047,0.000005
2,AGGCGAAA,AGGCTTAG,3067,0.000047,0.000005
2,TCCTGAGC,TATGCGTG,3066,0.000047,0.000005
2,AGCAGAAA,AAGAACTC,3065,0.000047,0.000005
2,AGGCAGAA,CAGATATG,3060,0.000047,0.000005
2,AAGAGGGG,GCATGAGG,3057,0.000047,0.000005
2,AAGAGGCA,CAGATATG,3054,0.000047,0.000005
2,CTCTCTAC,CTCTTACG,3052,0.000047,0.000005
2,GTAGAGGA,ATCTTACG,3042,0.000047,0.000005
2,GGGGGGGG,GATATTAC,3038,0.000047,0.000005
2,TAAGGCGA,CAGATATG,3029,0.000046,0.000005
2,TGCTGAGG,TACTCCTT,3027,0.000046,0.000005
2,GGACTCTA,ATCTTAAC,3027,0.000046,0.000005
2,GTAGAGGA,TTATCAGG,3024,0.000046,0.000005
2,AGAGGCAA,CCGATAGA,3022,0.000046,0.000005
2,TAGGCATG,TATGCGTG,3018,0.000046,0.000005
2,TAGGCATG,CAGATATG,3018,0.000046,0.000005
2,CTCTCTAC,AGAACTCG,3015,0.000046,0.000005
2,GGCAGAAA,GCATGAGG,3001,0.000046,0.000005
2,GGACTCCT,ATCTTACG,3000,0.000046,0.000005
2,GCTACGCT,TATGCGTG,2998,0.000046,0.000005
2,AGGCGAAA,ATCTTAAC,2991,0.000046,0.000005
2,CGGAGGGG,GCATGAGG,2989,0.000046,0.000005
2,CATACTAA,CTCCTTAC,2979,0.000046,0.000005
2,CGAGCTGA,ATCTTAAC,2961,0.000045,0.000005
2,GGCAGAAA,AGAGGATA,2956,0.000045,0.000005
2,CAGGGGCC,GCATGAGG,2952,0.000045,0.000005
2,AAGTGGGC,GCATGAGG,2933,0.000045,0.000005
2,GGACTCTA,TCTACTCT,2932,0.000045,0.000005
2,CGTACTAG,TATGCGTG,2931,0.000045,0.000005
2,GGGGGGGG,CCGATTGA,2930,0.000045,0.000005
2,GGACTCCT,AGAACTCG,2920,0.000045,0.000005
2,AGGCAGAA,ATCTTACG,2913,0.000045,0.000005
2,CTCTCTAC,GCCGGAGG,2901,0.000044,0.000005
2,CATACTAA,ATAGAGAG,2897,0.000044,0.000005
2,CGGAGTGG,GCATGAGG,2896,0.000044,0.000005
2,TCCTGAGC,ATCTTACG,2894,0.000044,0.000005
2,TAAGGCGA,TATGCGTG,2893,0.000044,0.000005
2,GGACTCCT,CTCCTTTA,2890,0.000044,0.000005
2,GCTACGCT,CTCTTACG,2889,0.000044,0.000005
2,CGGGGGCG,GCATGAGG,2889,0.000044,0.000005
2,GGCAGAAA,GATATTAA,2888,0.000044,0.000005
2,GTAGAGGA,CTCTTACG,2887,0.000044,0.000005
2,GGACTCCT,TCTTAACG,2884,0.000044,0.000005
2,GCTACGCT,CAGATATG,2879,0.000044,0.000005
2,CATACGTA,AGGCTAGG,2876,0.000044,0.000005
2,AAGAGGCA,CTCTTACG,2873,0.000044,0.000005
2,AGGCGAAA,TTATCGAG,2870,0.000044,0.000005
2,CGAGCTGA,AGGCTTAG,2869,0.000044,0.000005
2,GGCAGAAA,GCGATCTA,2860,0.000044,0.000005
2,AAGAGGCA,ATCTTACG,2858,0.000044,0.000005
2,CGGGCTGA,TATGCAGT,2856,0.000044,0.000005
2,TAGGCATG,TCTTAACG,2854,0.000044,0.000005
2,AAGAGGCA,TTATCAGG,2854,0.000044,0.000005
2,CGAGGCTG,CAGATATG,2844,0.000044,0.000005
2,GTAGAGGA,TCTTAACG,2840,0.000043,0.000005
2,CGAGCTGA,TACTCCTT,2839,0.000043,0.000005
2,GGACTCTA,CAGAATAT,2837,0.000043,0.000005
2,AGGCATGA,ATCTTAAC,2836,0.000043,0.000005
2,CAGAGAGG,CTCTTACG,2833,0.000043,0.000005
2,CGGGCTGA,AGAGGATA,2827,0.000043,0.000005
2,GGGGGGGG,AGATGTGG,2824,0.000043,0.000005
2,AAGAGGCA,TCTTAACG,2816,0.000043,0.000005
2,AAGAGGCA,AGAACTCG,2813,0.000043,0.000005
2,TCTCTACA,TACTCCTT,2810,0.000043,0.000005
2,TAGGCATG,ATCTTACG,2809,0.000043,0.000005
2,GGACTCCT,ATCTAACG,2809,0.000043,0.000005
2,TAGGCATG,TTATCAGG,2805,0.000043,0.000005
2,AGGCGAAA,TCTACTCT,2805,0.000043,0.000005
2,TCCTGAGC,CTCTTACG,2800,0.000043,0.000005
2,AAGAGGCA,GATTTTAC,2799,0.000043,0.000005
2,GGACTCTA,GCATGAGG,2793,0.000043,0.000005
2,GGACTCCT,TTATCAGG,2791,0.000043,0.000005
2,GTAGAGGA,AGAACTCG,2784,0.000043,0.000005
2,TAAGGCGA,ATCTTACG,2783,0.000043,0.000005
2,CGTACTAG,CAGATATG,2783,0.000043,0.000005
2,AGGCAGAA,TTATCAGG,2779,0.000043,0.000005
2,CTCTCTAC,CTCCTTTA,2778,0.000043,0.000005
2,GTAGAGGA,ATCTAACG,2777,0.000043,0.000005
2,GCTACGCT,TCTTAACG,2774,0.000042,0.000005
2,CAGAGAGG,ATCTTACG,2774,0.000042,0.000005
2,AGGCGAAA,CGCGTAGT,2771,0.000042,0.000005
2,AAGAGGCA,AGAGGTTT,2759,0.000042,0.000004
2,TCTCTACA,CTCCTTAC,2757,0.000042,0.000004
2,GGACTCTA,TTATCGAG,2755,0.000042,0.000004
2,CGAGGCTG,TATGCGTG,2748,0.000042,0.000004
2,CGAGCTGA,TCTACTCT,2748,0.000042,0.000004
2,AGGCATGA,TCTACTCT,2748,0.000042,0.000004
2,AAGAGCAA,TACTCCTT,2741,0.000042,0.000004
2,CGAGGCGA,ATCTTAAC,2740,0.000042,0.000004
2,TCTCTACA,AGGCTTAG,2735,0.000042,0.000004
2,TCCTGAGC,GCCGGAGG,2735,0.000042,0.000004
2,CGAGCTGA,CAGAATAT,2734,0.000042,0.000004
2,GCTACGCT,ATCTTACG,2731,0.000042,0.000004
2,GGACTCTA,GATATTAA,2729,0.000042,0.000004
2,GGCAGAAA,AAGAACTC,2727,0.000042,0.000004
2,AGGCGAAA,CAGAATAT,2724,0.000042,0.000004
2,CGGGGGCC,GCATGAGG,2723,0.000042,0.000004
2,GGCAGAAA,CCGATAGA,2713,0.000042,0.000004
2,AGGCATGA,TTATCGAG,2712,0.000042,0.000004
2,TCCTGAGC,TTTATCGA,2711,0.000042,0.000004
2,CGTACTAG,ATCTTACG,2708,0.000041,0.000004
2,CGAGGCTG,ATCTTACG,2708,0.000041,0.000004
2,CGGGCTGA,TTATCGAG,2706,0.000041,0.000004
2,ATACGTAA,AGGCTTAG,2702,0.000041,0.000004
2,AGGCATGA,CAGAATAT,2701,0.000041,0.000004
2,TCCTGAGC,TCTTAACG,2700,0.000041,0.000004
2,GCTACGCT,TTATCAGG,2698,0.000041,0.000004
2,GCTACGCT,AGAACTCG,2697,0.000041,0.000004
2,CGGGCTGA,ATAGAGAG,2696,0.000041,0.000004
2,AGGCAGAA,ATCTAACG,2695,0.000041,0.000004
2,GTAGAGGA,CTCCTTTA,2693,0.000041,0.000004
2,TAAGGCGA,TCTTAACG,2692,0.000041,0.000004
2,CAGAGAGG,TCTTAACG,2690,0.000041,0.000004
2,AGGCAGAA,GTTATTAC,2682,0.000041,0.000004
2,TAAGGCGA,TTATCAGG,2681,0.000041,0.000004
2,CGTCCGAG,GATATTAA,2680,0.000041,0.000004
2,CGAGGCGA,TACTCCTT,2677,0.000041,0.000004
2,CGGGCTGA,CCGATAGA,2676,0.000041,0.000004
2,AGGCAGAA,TCTTAACG,2676,0.000041,0.000004
2,TAGGCATG,AGAACTCG,2670,0.000041,0.000004
2,AAGAGCAA,ATCTTAAC,2670,0.000041,0.000004
2,CAGAGAGG,CAGATATG,2668,0.000041,0.000004
2,AAGAGGCA,CTCCTTTA,2666,0.000041,0.000004
2,GGACTCTA,TATGCAGT,2664,0.000041,0.000004
2,CGGGCTGA,AAGAACTC,2663,0.000041,0.000004
2,TCCTGAGC,ATCTAACG,2658,0.000041,0.000004
2,TCTCTACA,TTATCGAG,2645,0.000040,0.000004
2,AGGCGAAA,CTCCTTAC,2644,0.000040,0.000004
2,AAGAGCAA,TTATCGAG,2642,0.000040,0.000004
2,CATACGTA,GGCTTAGG,2636,0.000040,0.000004
2,CGAGCTGA,CTCCTTAC,2630,0.000040,0.000004
2,TAGGCATG,CTCTTACG,2626,0.000040,0.000004
2,TAAGGCGA,AGAACTCG,2626,0.000040,0.000004
2,CTCTCTAC,TTTATCGA,2626,0.000040,0.000004
2,AAGAGGCA,ATCTAACG,2625,0.000040,0.000004
2,TCTCTACA,GATATTAA,2622,0.000040,0.000004
2,CGGGCTGA,GCGATCTA,2622,0.000040,0.000004
2,GGACTCTA,GCGATCTA,2620,0.000040,0.000004
2,CGAGGCTG,TCTTAACG,2619,0.000040,0.000004
2,CAGAGAGG,ATCTAACG,2619,0.000040,0.000004
2,CTCTCTAC,AGGCTAGG,2618,0.000040,0.000004
2,AGGCATGA,TACTCCTT,2618,0.000040,0.000004
2,CGAGGCTG,CTCTTACG,2617,0.000040,0.000004
2,GGACCCTA,CTCCTTAC,2616,0.000040,0.000004
2,AGGCAGAA,AGGCTAGG,2612,0.000040,0.000004
2,CATACGTA,AGGCTTTA,2606,0.000040,0.000004
2,GGACTCTA,AGAGGATA,2596,0.000040,0.000004
2,GAGGCTGA,TACTCCTT,2596,0.000040,0.000004
2,AGGCAGAA,CTCTTACG,2593,0.000040,0.000004
2,CATACGTA,AGCTTAGG,2587,0.000040,0.000004
2,AAGAGGCA,TTTATCGA,2587,0.000040,0.000004
2,GTAGAGGA,CCGATAAG,2584,0.000040,0.000004
2,CGAGGCGA,AGGCTTAG,2580,0.000039,0.000004
2,AAGAGCAA,CAGAATAT,2576,0.000039,0.000004
2,GAGGCTGA,ATCTTAAC,2573,0.000039,0.000004
2,GGACTCTA,AGGCTTAG,2567,0.000039,0.000004
2,TAGGCATG,ATCTAACG,2563,0.000039,0.000004
2,AGGCGAAA,ATAGAGAG,2563,0.000039,0.000004
2,AGGCATGA,CGCGTAGT,2563,0.000039,0.000004
2,AAGAGCAA,TCTACTCT,2560,0.000039,0.000004
2,GGACTCTA,CGCGTAGT,2559,0.000039,0.000004
2,CGAGGCTG,ATCTAACG,2558,0.000039,0.000004
2,AGGCAGAA,TTTATCGA,2554,0.000039,0.000004
2,GGACTCTA,ATAGAGAG,2549,0.000039,0.000004
2,TAGGGGGG,GCATGAGG,2548,0.000039,0.000004
2,AAGAGCAA,CTCCTTAC,2547,0.000039,0.000004
2,AGGCAGAA,AGAGGTTT,2541,0.000039,0.000004
2,CATACTAA,AGAGGATA,2540,0.000039,0.000004
2,CGTACTAG,TCTTAACG,2538,0.000039,0.000004
2,GGACTCCT,GCCGGAGG,2534,0.000039,0.000004
2,AGGCGAAA,TATGCAGT,2533,0.000039,0.000004
2,CGGGCTGA,GATATTAA,2529,0.000039,0.000004
2,CGAGGCGA,CAGAATAT,2529,0.000039,0.000004
2,CTCTCTAC,AGCTTAGG,2528,0.000039,0.000004
2,GCTACGCT,ATCTAACG,2527,0.000039,0.000004
2,GCTACGCT,CTCCTTTA,2525,0.000039,0.000004
2,CGAGCTGA,AGAGGATA,2524,0.000039,0.000004
2,CGTACTAG,TTATCAGG,2521,0.000039,0.000004
2,AGGCATGA,GCATGAGG,2521,0.000039,0.000004
2,GTAGAGGA,TTTATCGA,2517,0.000039,0.000004
2,CTCTCTAC,ATCTTTAA,2514,0.000038,0.000004
2,TAAGGCGA,CTCTTACG,2512,0.000038,0.000004
2,CGAGGCGA,CTCCTTAC,2511,0.000038,0.000004
2,CGAGCTGA,CGCGTAGT,2511,0.000038,0.000004
2,GGACCCTA,ATCTTAAC,2510,0.000038,0.000004
2,AGGCATGA,CTCCTTAC,2504,0.000038,0.000004
2,CGAGGCTG,AGAACTCG,2503,0.000038,0.000004
2,TCTCTACA,TCTACTCT,2501,0.000038,0.000004
2,CAGAGAGG,CTCCTTTA,2497,0.000038,0.000004
2,CAGTGGGC,GCATGAGG,2490,0.000038,0.000004
2,GGACTCCT,TTTATCGA,2487,0.000038,0.000004
2,GAGGCTGA,TCTACTCT,2482,0.000038,0.000004
2,GAGGCTGA,AGGCTTAG,2478,0.000038,0.000004
2,AGGCATGA,AGGCTTAG,2478,0.000038,0.000004
2,CTCTCTAC,CCGATAAG,2475,0.000038,0.000004
2,GAGGCTGA,CAGAATAT,2473,0.000038,0.000004
2,GGACCCTA,TACTCCTT,2471,0.000038,0.000004
2,CGTACTAG,CCGATAAG,2470,0.000038,0.000004
2,AGGCAGAA,GGCTTAGG,2469,0.000038,0.000004
2,CATACGTA,CTCTTACG,2461,0.000038,0.000004
2,CTCTCTAC,GGCTTAGG,2457,0.000038,0.000004
2,TAAGGCGA,ATCTAACG,2456,0.000038,0.000004
2,TCCTGAGC,AGAACTCG,2454,0.000038,0.000004
2,GGACTCCT,CCGATAAG,2450,0.000038,0.000004
2,CGAGGCGA,TCTACTCT,2449,0.000037,0.000004
2,AAGAGCAA,GATATTAA,2445,0.000037,0.000004
2,GGGGGGGG,TGGGGGGG,2440,0.000037,0.000004
2,GGACCCTA,TCTACTCT,2435,0.000037,0.000004
2,GTAGAGGA,CCGCTTGA,2432,0.000037,0.000004
2,AGAGAGGA,CTCCTTAC,2432,0.000037,0.000004
2,GGACTCCT,TATCAGTG,2430,0.000037,0.000004
2,TAGGCATG,TTTATCGA,2429,0.000037,0.000004
2,CTGAGGCA,GCATGAGG,2429,0.000037,0.000004
2,CAGAGAGG,TTATCAGG,2429,0.000037,0.000004
2,AGGCGAAA,GCATGAGG,2427,0.000037,0.000004
2,CGAGCTGA,TATGCAGT,2422,0.000037,0.000004
2,GAGGCTGA,CTCCTTAC,2419,0.000037,0.000004
2,AGGCAGAA,AGAACTCG,2418,0.000037,0.000004
2,TGGCATGA,ATCTTAAC,2416,0.000037,0.000004
2,TCGTGGGC,TACTCCTT,2415,0.000037,0.000004
2,ATACGTAA,TCTACTCT,2411,0.000037,0.000004
2,AGAGAGGA,ATCTTAAC,2400,0.000037,0.000004
2,GGGGGGGG,AGCTCTCG,2398,0.000037,0.000004
2,GGACTCTA,CCGATAGA,2396,0.000037,0.000004
2,GTAGAGGA,AGGCTAGG,2393,0.000037,0.000004
2,TCTCTACA,CCGATAGA,2391,0.000037,0.000004
2,GGACTCCT,CTCCCTTA,2389,0.000037,0.000004
2,TAGGCATG,CTCCTTTA,2381,0.000036,0.000004
2,TCCTGAGC,CTCCTTTA,2377,0.000036,0.000004
2,CGTACTAG,CTCTTACG,2377,0.000036,0.000004
2,AGGCGAAA,GATATTAA,2377,0.000036,0.000004
2,AGAGGCAA,GCATGAGG,2377,0.000036,0.000004
2,GTAGAGGA,TATCAGTG,2376,0.000036,0.000004
2,TCTCTACA,AAGAACTC,2375,0.000036,0.000004
2,TAAGGCGA,TTTATCGA,2371,0.000036,0.000004
2,GGACCCTA,CAGAATAT,2371,0.000036,0.000004
2,AAGAGCAA,TATGCAGT,2371,0.000036,0.000004
2,CGAGGCGA,CGCGTAGT,2365,0.000036,0.000004
2,TAGGCGAA,ATCTTAAC,2354,0.000036,0.000004
2,TGGCATGA,TCTACTCT,2350,0.000036,0.000004
2,AGGCATGA,TATGCAGT,2349,0.000036,0.000004
2,CGTACTAG,AGAACTCG,2347,0.000036,0.000004
2,TAGGCGAA,CAGAATAT,2346,0.000036,0.000004
2,TCCTGAGC,AGGCTAGG,2345,0.000036,0.000004
2,TAGGCGAA,TACTCCTT,2344,0.000036,0.000004
2,AGGCAGAA,AGCTTAGG,2339,0.000036,0.000004
2,TAAGGCGA,GCCGGAGG,2335,0.000036,0.000004
2,CTCTCTAC,CGATAGAG,2332,0.000036,0.000004
2,CGTACTAG,ATCTAACG,2329,0.000036,0.000004
2,AAGAGGCA,CCGATAAG,2325,0.000036,0.000004
2,CGTACTAG,AGGCTAGG,2322,0.000036,0.000004
2,GAGGGGGG,AGATCTCG,2317,0.000035,0.000004
2,AGAGAGGA,TTATCGAG,2310,0.000035,0.000004
2,AGGCATGA,AAGAACTC,2308,0.000035,0.000004
2,ACGAGGCC,GCATGAGG,2306,0.000035,0.000004
2,GCCGGCGG,TACTCCTT,2305,0.000035,0.000004
2,AGGCGAAA,GCGATCTA,2304,0.000035,0.000004
2,GGACTCTA,AAGAACTC,2303,0.000035,0.000004
2,TAGGCATG,AGAGGTTT,2300,0.000035,0.000004
2,GCTACGCT,CCGATAAG,2296,0.000035,0.000004
2,AGGCAGAA,AGGCTTTA,2296,0.000035,0.000004
2,TCTCTACA,TATGCAGT,2295,0.000035,0.000004
2,CGAGGCTG,TTATCAGG,2291,0.000035,0.000004
2,CCTCTACA,CAGAATAT,2290,0.000035,0.000004
2,AGAGAGGA,TCTACTCT,2290,0.000035,0.000004
2,TCCTGAGC,CCGATAAG,2289,0.000035,0.000004
2,AGGCATGA,AGAGGATA,2287,0.000035,0.000004
2,TAAGGCGA,CTCCTTTA,2286,0.000035,0.000004
2,CTCTCTAC,TATCAGTG,2282,0.000035,0.000004
2,CGAGCTGA,GCGATCTA,2282,0.000035,0.000004
2,CGAGGCTG,CTCCTTTA,2281,0.000035,0.000004
2,AAGAGCAA,GCGATCTA,2276,0.000035,0.000004
2,TGGCATGA,CAGAATAT,2274,0.000035,0.000004
2,AAGAGGCA,CTCCCTTA,2274,0.000035,0.000004
2,AGGCAGAA,CCGATAAG,2273,0.000035,0.000004
2,AGGCGAAA,AGAGGATA,2265,0.000035,0.000004
2,AGGCAGAA,CTCCTTTA,2262,0.000035,0.000004
2,GGACCCTA,GCATGAGG,2260,0.000035,0.000004
2,AGAGAGGA,CGCGTAGT,2258,0.000035,0.000004
2,TCTCTACA,GCATGAGG,2254,0.000035,0.000004
2,TCTCTACA,ATAGAGAG,2248,0.000034,0.000004
2,TCCTGAGC,AGCTTAGG,2247,0.000034,0.000004
2,TGGCATGA,TTATCGAG,2241,0.000034,0.000004
2,AGGCGAAA,CCGATAGA,2238,0.000034,0.000004
2,CTCTCTAC,AGGCTTTA,2237,0.000034,0.000004
2,AAGAGCAA,ATAGAGAG,2235,0.000034,0.000004
2,CGAGGCTG,AGGCTAGG,2233,0.000034,0.000004
2,CATACGTA,CGGGGGGG,2232,0.000034,0.000004
2,AAGAGCAA,CGCGTAGT,2232,0.000034,0.000004
2,GGGGGGGG,ATAGAGTG,2230,0.000034,0.000004
2,CGAGCTGA,AAGAACTC,2230,0.000034,0.000004
2,AGGCATGA,GATATTAA,2227,0.000034,0.000004
2,CAGAGAGG,AGAACTCG,2226,0.000034,0.000004
2,GCTACGCT,TTTATCGA,2223,0.000034,0.000004
2,CGAGCTGA,ATAGAGAG,2223,0.000034,0.000004
2,TAAGGCGA,CCGCTTGA,2222,0.000034,0.000004
2,CTCTCTAC,CAGAAATG,2221,0.000034,0.000004
2,AGAGAGGA,AGGCTTAG,2219,0.000034,0.000004
2,AAGAGCAA,GCATGAGG,2219,0.000034,0.000004
2,CTCTCTAC,CCGCTTGA,2218,0.000034,0.000004
2,CGTACTAG,CGATAGAG,2213,0.000034,0.000004
2,TAGGCGAA,TCTACTCT,2207,0.000034,0.000004
2,CGAGCTGA,CCGATAGA,2202,0.000034,0.000004
2,AGGCAGAA,GCCTGTGG,2201,0.000034,0.000004
2,AAGAGGCA,TATCAGTG,2201,0.000034,0.000004
2,GAGGCTGA,CGCGTAGT,2199,0.000034,0.000004
2,TGGCATGA,CTCCTTAC,2198,0.000034,0.000004
2,GAGGCTGA,AGAGGATA,2198,0.000034,0.000004
2,GGACTCCT,AGGCTAGG,2197,0.000034,0.000004
2,GGACCCTA,TTATCGAG,2195,0.000034,0.000004
2,TGGCATGA,GCATGAGG,2194,0.000034,0.000004
2,CGAGCTGA,TTATCGAG,2190,0.000034,0.000004
2,CGAGGCGA,TATGCAGT,2188,0.000033,0.000004
2,TCTGAGCA,TACTCCTT,2184,0.000033,0.000004
2,AGGCATGA,ATAGAGAG,2182,0.000033,0.000004
2,TCCTGAGC,AGGCTTTA,2180,0.000033,0.000004
2,TAGGCATG,AGGCTAGG,2180,0.000033,0.000004
2,AAGAGCAA,AGGCTTAG,2180,0.000033,0.000004
2,GTAGAGGA,CGATAGAG,2177,0.000033,0.000004
2,GGACCCTA,TATGCAGT,2177,0.000033,0.000004
2,GTAGAGGA,CTCCCTTA,2174,0.000033,0.000004
2,CGTCCGAG,GCGATCTA,2174,0.000033,0.000004
2,CGAGCTGA,GATATTAA,2174,0.000033,0.000004
2,CATACGTA,CTCCTTTA,2174,0.000033,0.000004
2,TCTGAGCA,TTATCGAG,2173,0.000033,0.000004
2,TCCTGAGC,GGCTTAGG,2173,0.000033,0.000004
2,CAGAGAGG,TTTATCGA,2168,0.000033,0.000004
2,GGGGGGGG,AGAGGTGG,2164,0.000033,0.000004
2,AGGCAGAA,TATCAGTG,2164,0.000033,0.000004
2,CAGAGAGG,AGGCTAGG,2163,0.000033,0.000004
2,CGTACTAG,GGCTTAGG,2161,0.000033,0.000004
2,CGAGGCGA,AGAGGATA,2161,0.000033,0.000004
2,TCCTGAGC,CCGCTTGA,2158,0.000033,0.000004
2,TCTCTACA,CGCGTAGT,2153,0.000033,0.000004
2,GGACTCCT,ATCTTTAA,2153,0.000033,0.000004
2,GGACCCTA,AGAGGATA,2152,0.000033,0.000004
2,AGGCGAAA,AAGAACTC,2150,0.000033,0.000004
2,CTCTCTAC,CTCCCTTA,2147,0.000033,0.000003
2,CCTCTACA,ATCTTAAC,2143,0.000033,0.000003
2,GTAGAGGA,GGCTTAGG,2141,0.000033,0.000003
2,GTAGAGGA,AGCTTAGG,2140,0.000033,0.000003
2,AAGAGCAA,AAGAACTC,2140,0.000033,0.000003
2,AGAGAGGA,AGAGGATA,2135,0.000033,0.000003
2,TGGCATGA,CGCGTAGT,2134,0.000033,0.000003
2,AAGAGCAA,AGAGGATA,2132,0.000033,0.000003
2,GCTACGCT,TATCAGTG,2130,0.000033,0.000003
2,CGTACTAG,TTTATCGA,2130,0.000033,0.000003
2,AGGCATGA,CCGATAGA,2130,0.000033,0.000003
2,TGGCATGA,AGGCTTAG,2123,0.000033,0.000003
2,TAGGCATG,TATCAGTG,2121,0.000032,0.000003
2,GTAGAGGA,AGGCTTTA,2120,0.000032,0.000003
2,GGACCCTA,GCGATCTA,2120,0.000032,0.000003
2,TAGGCATG,CCGATAAG,2116,0.000032,0.000003
2,GGACCCTA,GATATTAA,2115,0.000032,0.000003
2,GGGGGGGG,CCGATAGT,2112,0.000032,0.000003
2,CGTACTAG,CTCCTTTA,2112,0.000032,0.000003
2,TCCTGAGC,TATCAGTG,2111,0.000032,0.000003
2,CTCTCTAC,AAAGAACT,2111,0.000032,0.000003
2,AAGAGCAA,CCGATAGA,2106,0.000032,0.000003
2,ATACGTAA,TATGCAGT,2103,0.000032,0.000003
2,AGAGAGGA,CAGAATAT,2103,0.000032,0.000003
2,TGGCATGA,ATAGAGAG,2101,0.000032,0.000003
2,GCCTGCGG,TACTCCTT,2101,0.000032,0.000003
2,TAGGCGAA,TTATCGAG,2099,0.000032,0.000003
2,AAGAGGCA,CCGCTAGT,2099,0.000032,0.000003
2,CCTCTCTA,CAGAATAT,2098,0.000032,0.000003
2,GGGGGGGG,ATATCTAG,2096,0.000032,0.000003
2,CTCTCTAC,ACTTAACG,2090,0.000032,0.000003
2,CGAGGCTG,AGGCTTTA,2089,0.000032,0.000003
2,GAGGCTGA,AAGAACTC,2086,0.000032,0.000003
2,CGAGGCTG,GGCTTAGG,2085,0.000032,0.000003
2,CGAGAGGA,GCATGAGG,2085,0.000032,0.000003
2,GGAGGCGG,GCCTGAGG,2084,0.000032,0.000003
2,AGGCAGAA,GATTTTAC,2084,0.000032,0.000003
2,CGGCGGGG,AGATCTCG,2083,0.000032,0.000003
2,TAGGCGAA,CTCCTTAC,2080,0.000032,0.000003
2,GTAGAGGA,GTTATTAC,2080,0.000032,0.000003
2,ATACGTAA,TACTCCTT,2078,0.000032,0.000003
2,CGAGGCTG,CCGATAAG,2077,0.000032,0.000003
2,TCTGAGCA,ATCTTAAC,2075,0.000032,0.000003
2,TGGCATGA,TACTCCTT,2074,0.000032,0.000003
2,GGACCCTA,AGGCTTAG,2069,0.000032,0.000003
2,TGGCATGA,TATGCAGT,2068,0.000032,0.000003
2,CTCTCTAC,TTATGAGG,2065,0.000032,0.000003
2,GCCGGAGG,TACTCCTT,2064,0.000032,0.000003
2,CATACGTA,TATCAGTG,2064,0.000032,0.000003
2,CGAGGCTG,AGCTTAGG,2062,0.000032,0.000003
2,AAGAGGCA,CGATAGAG,2062,0.000032,0.000003
2,TCGTGTGC,TACTCCTT,2060,0.000032,0.000003
2,TAGAGGCC,GCATGAGG,2060,0.000032,0.000003
2,GGACCCTA,ATAGAGAG,2058,0.000032,0.000003
2,CGAGGCGA,GCGATCTA,2054,0.000031,0.000003
2,TAAGGCGA,TATCAGTG,2053,0.000031,0.000003
2,GGACCCTA,CGCGTAGT,2053,0.000031,0.000003
2,TGGCATGA,AGAGGATA,2048,0.000031,0.000003
2,TAGGCATG,GCCGGAGG,2046,0.000031,0.000003
2,GTACTAGA,TACTCCTT,2045,0.000031,0.000003
2,CAGAGAGG,TATCAGTG,2044,0.000031,0.000003
2,CGGGCTGA,GCATGAGG,2043,0.000031,0.000003
2,AGAGAGGA,TATGCAGT,2039,0.000031,0.000003
2,CCATACGT,AGGCTTAG,2038,0.000031,0.000003
2,CGTACTAG,AGGCTTTA,2037,0.000031,0.000003
2,TAGGCATG,CTCCCTTA,2035,0.000031,0.000003
2,GTACTAGA,ATCTTAAC,2035,0.000031,0.000003
2,AGAGAGGA,TACTCCTT,2035,0.000031,0.000003
2,GCTACGCT,CTCCCTTA,2029,0.000031,0.000003
2,CGAGGCGA,ATAGAGAG,2029,0.000031,0.000003
2,TAAGGCGA,AGAGGTTT,2028,0.000031,0.000003
2,CGAGGCGA,AAGAACTC,2028,0.000031,0.000003
2,GAGGCTGA,TATGCAGT,2023,0.000031,0.000003
2,GTAGAGGA,ATCTTTAA,2020,0.000031,0.000003
2,TCCTGAGC,TTATGAGG,2017,0.000031,0.000003
2,CAGAGAGG,AGCTTAGG,2016,0.000031,0.000003
2,GTAGAGGA,AAAGAACT,2013,0.000031,0.000003
2,CGTACTAG,TATCAGTG,2013,0.000031,0.000003
2,TGGCATGA,GATATTAA,2009,0.000031,0.000003
2,CGAGGCGA,CCGATAGA,2007,0.000031,0.000003
2,CTCTCTAC,GTTATTAC,2005,0.000031,0.000003
2,AGGCATGA,GCGATCTA,2004,0.000031,0.000003
2,TCTGAGCA,CTCCTTAC,2001,0.000031,0.000003
2,GTAGAGGA,AGAGGAAG,1999,0.000031,0.000003
2,TAGGCATG,GGCTTAGG,1998,0.000031,0.000003
2,CGTACTAG,AGCTTAGG,1994,0.000031,0.000003
2,TAGGCATG,ATCTTTAA,1993,0.000031,0.000003
2,CCGAGGCG,GCATGAGG,1991,0.000030,0.000003
2,AAGAGGCA,AGGCTAGG,1990,0.000030,0.000003
2,TAGGCATG,CCGCTTGA,1988,0.000030,0.000003
2,GAGGCTGA,ATAGAGAG,1987,0.000030,0.000003
2,TAGGCATG,GTTATTAC,1985,0.000030,0.000003
2,GGCTGAGG,TACTCCTT,1985,0.000030,0.000003
2,CGAGGCGA,TTATCGAG,1985,0.000030,0.000003
2,CGAGCTGA,GCATGAGG,1984,0.000030,0.000003
2,TAGGCGAA,AGAGGATA,1982,0.000030,0.000003
2,CAGAGAGG,CTCCCTTA,1982,0.000030,0.000003
2,TCTCTACA,AGAGGATA,1981,0.000030,0.000003
2,TCCTGAGC,CTCCCTTA,1981,0.000030,0.000003
2,GGACTCCT,AGAGGTTT,1978,0.000030,0.000003
2,CGGAGGGC,GCATGAGG,1977,0.000030,0.000003
2,CGAGGCTG,TATCAGTG,1977,0.000030,0.000003
2,GGGGGGGG,ACATCACG,1975,0.000030,0.000003
2,GGACTCCT,CGATAGAG,1975,0.000030,0.000003
2,TCTGAGCA,CAGAATAT,1974,0.000030,0.000003
2,GGACTCCT,AGCTTAGG,1974,0.000030,0.000003
2,CCTCTCTA,ATCTTAAC,1973,0.000030,0.000003
2,AGGCAGAA,CCGCTAGT,1972,0.000030,0.000003
2,TCCTGCGG,TACTCCTT,1970,0.000030,0.000003
2,TCTGAGCA,AGGCTTAG,1967,0.000030,0.000003
2,GGGGGGGG,AGATTTCG,1965,0.000030,0.000003
2,GGACTCCT,AAAGAACT,1963,0.000030,0.000003
2,CGGGGGTG,GCCTGAGG,1963,0.000030,0.000003
2,TGGCATGA,AAGAACTC,1961,0.000030,0.000003
2,CTCTCTAC,AGAATATG,1960,0.000030,0.000003
2,CAGAGAGG,ATCTTTAA,1957,0.000030,0.000003
2,AGGCAGAA,CTCCCTTA,1954,0.000030,0.000003
2,TCCTGAGC,CGATAGAG,1948,0.000030,0.000003
2,GGACTCCT,GGCTTAGG,1947,0.000030,0.000003
2,CTCTCACA,ATCTTAAC,1947,0.000030,0.000003
2,GTAGAGGA,AGAGGTTT,1946,0.000030,0.000003
2,AAGAGGCA,AAAGAACT,1945,0.000030,0.000003
2,CGAGGCTG,ATCTTTAA,1944,0.000030,0.000003
2,GGACCCTA,AAGAACTC,1943,0.000030,0.000003
2,GGACTCCT,CCGCTTGA,1942,0.000030,0.000003
2,ATACGTAA,CTCCTTAC,1942,0.000030,0.000003
2,AGGCAGAA,TTATGAGG,1942,0.000030,0.000003
2,TCCCTGAG,TTATCGAG,1941,0.000030,0.000003
2,TAAGGCGA,CTCCCTTA,1938,0.000030,0.000003
2,GCTACGCT,AGAGGAAG,1936,0.000030,0.000003
2,TAGGCATG,AGCTTAGG,1933,0.000030,0.000003
2,AGGCAGAA,ATCTTTAA,1933,0.000030,0.000003
2,CTCTCTAC,GATATAAG,1932,0.000030,0.000003
2,TAAGCGAA,TTATCGAG,1930,0.000030,0.000003
2,TCCCTGAG,CAGAATAT,1929,0.000030,0.000003
2,TCGTGCGC,TACTCCTT,1928,0.000030,0.000003
2,TCCCTGAG,TACTCCTT,1927,0.000030,0.000003
2,GGACTCCT,AGAGGAAG,1926,0.000029,0.000003
2,CAGAGAGG,AGGCTTTA,1925,0.000029,0.000003
2,GGACTCCT,CCCTTACG,1923,0.000029,0.000003
2,TCCCTGAG,ATCTTAAC,1921,0.000029,0.000003
2,TAGGCGAA,TATGCAGT,1918,0.000029,0.000003
2,CAGGCTGA,ATCTTAAC,1918,0.000029,0.000003
2,CTCTCACA,CAGAATAT,1915,0.000029,0.000003
2,GTAGAGGA,GCCGGAGG,1914,0.000029,0.000003
2,GGACTCCT,GTTATTAC,1911,0.000029,0.000003
2,CTCCTACA,ATCTTAAC,1905,0.000029,0.000003
2,GAGGCTGA,CCGATAGA,1904,0.000029,0.000003
2,CGAGGCGA,GATATTAA,1903,0.000029,0.000003
2,TCCTGAGC,AGAGGTTT,1902,0.000029,0.000003
2,TAGGCGAA,AAGAACTC,1902,0.000029,0.000003
2,GAGGCTGA,GCGATCTA,1902,0.000029,0.000003
2,CGGGGGGG,AGATCACG,1901,0.000029,0.000003
2,GCTACGCT,CGATAGAG,1896,0.000029,0.000003
2,CTCTCTAC,CAAATATG,1894,0.000029,0.000003
2,GCTACGCT,AAAGAACT,1892,0.000029,0.000003
2,GAGGCTGA,TTATCGAG,1892,0.000029,0.000003
2,CGAGGCTG,TTTATCGA,1892,0.000029,0.000003
2,TCCTGAGC,GAGGATAG,1888,0.000029,0.000003
2,TAAGCGAA,TCTACTCT,1886,0.000029,0.000003
2,TAAGGCGA,ATCTTTAA,1882,0.000029,0.000003
2,GGACTCCT,AGGCTTTA,1881,0.000029,0.000003
2,TCCCTGAG,AGGCTTAG,1879,0.000029,0.000003
2,CCTCTACA,GATATTAA,1877,0.000029,0.000003
2,GAGGCTGA,GATATTAA,1876,0.000029,0.000003
2,TCCCTGAG,CTCCTTAC,1874,0.000029,0.000003
2,TAAGGCGA,CCGATAAG,1874,0.000029,0.000003
2,CAGAGAGG,GGCTTAGG,1874,0.000029,0.000003
2,AAGAGGCA,GCCGGAGG,1872,0.000029,0.000003
2,TAGGCATG,CGATAGAG,1871,0.000029,0.000003
2,AAGAGGCA,GGCTTAGG,1868,0.000029,0.000003
2,TGGGGGGG,GCATGAGG,1864,0.000029,0.000003
2,GTACTAGA,TCTACTCT,1864,0.000029,0.000003
2,CGAGGCTG,CTCCCTTA,1864,0.000029,0.000003
2,AAGAGGCA,ATCTTTAA,1863,0.000029,0.000003
2,TAGGCGAA,ATAGAGAG,1862,0.000029,0.000003
2,AGGCAGAA,CGATAGAG,1861,0.000028,0.000003
2,TCCTGAGC,AGAGGAAG,1860,0.000028,0.000003
2,GCTACGCT,ATCTTTAA,1860,0.000028,0.000003
2,GTAGAGGA,GAGGATAG,1859,0.000028,0.000003
2,AAGAGGCA,TTATGAGG,1858,0.000028,0.000003
2,TAGGCATG,AAAGAACT,1856,0.000028,0.000003
2,GTAGAGGA,CCCTTACG,1853,0.000028,0.000003
2,TGGCATGA,CCGATAGA,1849,0.000028,0.000003
2,TAGGCATG,AGGCTTTA,1848,0.000028,0.000003
2,TAAGCGAA,CAGAATAT,1848,0.000028,0.000003
2,TCCCTGAG,GCATGAGG,1847,0.000028,0.000003
2,TAAGGCGA,CAGAAATG,1846,0.000028,0.000003
2,GTACTAGA,CAGAATAT,1846,0.000028,0.000003
2,CGGGGGGG,AGAACTCG,1846,0.000028,0.000003
2,GCTACGCT,TAGAGAGG,1844,0.000028,0.000003
2,CAGAGAGG,CCGATAAG,1844,0.000028,0.000003
2,GGACTCCT,GAGGATAG,1842,0.000028,0.000003
2,TAAGCGAA,ATCTTAAC,1841,0.000028,0.000003
2,ATACGTAA,ATAGAGAG,1841,0.000028,0.000003
2,CTCTCACA,AGGCTTAG,1839,0.000028,0.000003
2,TCCTGAGC,ATCTTTAA,1838,0.000028,0.000003
2,CGAGAGGA,ATAGAGAG,1838,0.000028,0.000003
2,TCCTGAGC,GTTATTAC,1837,0.000028,0.000003
2,TAAGGCGA,GTTATTAC,1836,0.000028,0.000003
2,GGACTCCT,CAGAAATG,1836,0.000028,0.000003
2,CCTCTACA,TACTCCTT,1836,0.000028,0.000003
2,GGACTCCT,TTATGAGG,1834,0.000028,0.000003
2,GCTACGCT,CCCTTACG,1829,0.000028,0.000003
2,GGCGGCGG,AGATCTCG,1828,0.000028,0.000003
2,AAGAGGCA,TAGAGAGG,1825,0.000028,0.000003
2,TGGGGGGG,TACTCCTT,1821,0.000028,0.000003
2,CCTCTACA,AGGCTTAG,1819,0.000028,0.000003
2,GGGGGGGC,GCATGAGG,1817,0.000028,0.000003
2,GCTACGCT,GAGGATAG,1816,0.000028,0.000003
2,TAGGCATG,AGAGGAAG,1815,0.000028,0.000003
2,TAGGCATG,CAGAAATG,1813,0.000028,0.000003
2,TAAGGCGA,AGGCTAGG,1813,0.000028,0.000003
2,TAAGGCGA,CGATAGAG,1812,0.000028,0.000003
2,GTAGAGGA,CAGAAATG,1810,0.000028,0.000003
2,TAGGCTGA,ATCTTAAC,1801,0.000028,0.000003
2,TAAGGCGA,AGAGGAAG,1798,0.000028,0.000003
2,TAGGCGAA,GATATTAA,1796,0.000027,0.000003
2,TAGGCATG,GAGGATAG,1795,0.000027,0.000003
2,AAGAGGCA,GAGGATAG,1795,0.000027,0.000003
2,TCTGAGCA,TATGCAGT,1794,0.000027,0.000003
2,GGGGGGGG,ACAACTCG,1793,0.000027,0.000003
2,CGAGGCTG,CGATAGAG,1792,0.000027,0.000003
2,AAGAGGCA,AGCTTAGG,1791,0.000027,0.000003
2,CTCTCTAC,CCCTTACG,1789,0.000027,0.000003
2,GGCGAGGA,GCGATCTA,1788,0.000027,0.000003
2,TCCTGAGC,TATCGAGG,1787,0.000027,0.000003
2,TAGGCGAA,CGCGTAGT,1784,0.000027,0.000003
2,CATACGTA,CTCCCTTA,1783,0.000027,0.000003
2,GTAGAGGA,TTATGAGG,1782,0.000027,0.000003
2,GGACCCTA,CCGATAGA,1781,0.000027,0.000003
2,TAGGCATG,TTATGAGG,1779,0.000027,0.000003
2,GCCTGTGC,TACTCCTT,1779,0.000027,0.000003
2,CTCTCTAC,GATTATTA,1779,0.000027,0.000003
2,TCTGAGCA,GCATGAGG,1778,0.000027,0.000003
2,CTCCTACA,CAGAATAT,1778,0.000027,0.000003
2,CGGGGGGC,AGATCTCG,1776,0.000027,0.000003
2,CGAGGCTG,AAAGAACT,1776,0.000027,0.000003
2,CGTACAGA,TACTCCTT,1775,0.000027,0.000003
2,TAAGCGAA,TACTCCTT,1771,0.000027,0.000003
2,CGTACTAG,ATCTTTAA,1771,0.000027,0.000003
2,CTCCTACA,AGGCTTAG,1769,0.000027,0.000003
2,TAAGGCGA,AAAGAACT,1766,0.000027,0.000003
2,GGACTCCT,TAGAGAGG,1763,0.000027,0.000003
2,AAGAGGCA,CCCTTACG,1763,0.000027,0.000003
2,TCTGAGCA,AGAGGATA,1762,0.000027,0.000003
2,GTACTAGA,CCGATAGA,1762,0.000027,0.000003
2,GGGGGGCG,GCATGAGG,1759,0.000027,0.000003
2,CGTACTAG,CTCCCTTA,1758,0.000027,0.000003
2,TAGGCGAA,GCGATCTA,1757,0.000027,0.000003
2,AAGAGGCA,AGGCTTTA,1749,0.000027,0.000003
2,CTCCTACA,TACTCCTT,1747,0.000027,0.000003
2,TAGTGGGC,GCATGAGG,1746,0.000027,0.000003
2,CCTCTCTA,AGGCTTAG,1746,0.000027,0.000003
2,CTCTCTAC,TATCGAGG,1745,0.000027,0.000003
2,GTACTAGA,CTCCTTAC,1744,0.000027,0.000003
2,TCTGAGCA,GCGATCTA,1742,0.000027,0.000003
2,TCCTGAGC,CAGAAATG,1742,0.000027,0.000003
2,AGGCAGAA,GAGGATAG,1740,0.000027,0.000003
2,TCCCTGAG,TCTACTCT,1738,0.000027,0.000003
2,AAGAGGCA,CAGAAATG,1738,0.000027,0.000003
2,TCTGAGCA,TCTACTCT,1737,0.000027,0.000003
2,GTACTAGA,AGGCTTAG,1736,0.000027,0.000003
2,TCCCTGAG,AGAGGATA,1735,0.000027,0.000003
2,CATACGTA,AGAGGTTT,1735,0.000027,0.000003
2,GCCTGAGG,GCGATCTA,1734,0.000027,0.000003
2,TCTGAGCA,ATAGAGAG,1733,0.000027,0.000003
2,GTAGAGGA,TAGAGAGG,1732,0.000027,0.000003
2,AGGCAGAA,TATCGAGG,1732,0.000027,0.000003
2,CTCTCTAC,AGAGGTTT,1729,0.000026,0.000003
2,CCTCTACA,TCTACTCT,1729,0.000026,0.000003
2,GCTACGCT,TTATGAGG,1723,0.000026,0.000003
2,TAAGGCGA,TTATGAGG,1721,0.000026,0.000003
2,AGGCAGAA,AAAGAACT,1721,0.000026,0.000003
2,AAGAGGCA,AGAGGAAG,1721,0.000026,0.000003
2,CGAGAGGA,ATCTTAAC,1719,0.000026,0.000003
2,CAGAGAGG,GAGGATAG,1719,0.000026,0.000003
2,CAGGCTGA,AGGCTTAG,1718,0.000026,0.000003
